<?xml version="1.0" encoding="UTF-8"?><ml:Post status="Published" xmlns:ml="http://developer.marklogic.com/site/internal" xmlns="http://www.w3.org/1999/xhtml">
  <ml:title>More Lists in MarkMail!</ml:title>
  <ml:author>Ian Small</ml:author>
  <ml:created>2007-12-29T00:00:00</ml:created>
  <ml:last-updated/>
  <ml:tags>
    <ml:tag>MarkMail</ml:tag>
  </ml:tags>
  <ml:body>
<div id="body">
        <p style="font-size:100%">
        Categories: MarkMail<br/>
        Altitude:  10,000 feet
        </p>
<p>
It's coming up on MarkMail's two-month anniversary, and the
elves have been busy loading more and more content.
Over the last few weeks, we've loaded a bunch more lists.
</p>
<p>
Of particular note is that we're now archiving the leading mailing
list that talks about Cascading Style Sheet issues (useful for
front-end development), along with a large set of mailing lists
about the leading open source relational database.  These resources
should provide further assistance for anyone doing heavy web development.
The details are as follows:
</p>
<ul>
	<li>
The css-discuss mailing list (list:css-discuss,
found at org.css-discuss.lists.css-d):  
<a href="http://markmail.org/search/list:css-discuss">http://markmail.org/search/list:css-discuss</a>
</li>
	<li>
More than 30 MySQL mailing lists (list:mysql,
found at com.mysql.lists.*):
<a href="http://markmail.org/search/list:mysql">http://markmail.org/search/list:mysql</a>
</li>
      </ul>
<p>
The new lists don't stop at css-discuss and MySQL - there 
are lots of others, including 
<a href="http://markmail.org/search/list:appfuse">AppFuse</a>, 
<a href="http://markmail.org/search/list:mule">Mule</a>, 
<a href="http://markmail.org/search/list:xwiki">xwiki</a>
and more.
Go <a href="http://markmail.org/browse">browse</a>
the complete inventory to see all
the mailing lists currently archived at MarkMail.
</p>
<p>
Cheers
<br/>
ian
</p>

<!-- @EndEditable -->

</div><!-- body -->
</ml:body></ml:Post>