<?xml version="1.0" encoding="UTF-8"?><ml:Post status="Published" xmlns:ml="http://developer.marklogic.com/site/internal" xmlns="http://www.w3.org/1999/xhtml">
  <ml:title>Looking Over 3.2 and the May 2007 User Conference</ml:title>
  <ml:author>Ian Small</ml:author>
  <ml:created>2007-05-09T00:00:00</ml:created>
  <ml:last-updated/>
  <ml:tags>
    <ml:tag>Performance<ml:tag/>
    <ml:tag>Feature<ml:tag/>
  </ml:tag></ml:tag></ml:tags>
  <ml:body>
<div id="body">
<!-- @BeginEditable id="body" -->
        <p style="font-size:100%">
        Categories: Features; 3.2<br/>
        Altitude:  10,000 feet
        </p>
<p>
Well, it's less than a week until our user conference, and we've
just released 3.2 out into the wild (fancy that!).
</p>
<p>
For those of you who've been participating in our Early Access
program, you know that our newest release has been cooking for
a while, and - more to the point - you also know that it's
chock-full of new features.  (I wonder as I write this what a
chock actually is, but then, that's one of the joys of blogging -
you don't really need to stop to find out.)
</p>
<p>
What I do know is that MarkLogic Server 3.2 is a diamond resulting
from the convergence of 
a number of forces: our publishing customers,
our government deployments, the market at large,
and of course the inventive and twisted minds of
our engineers and products personnel.  This release can take you,
and us along with you, into a whole spectrum of new places and
new possibilities.  3.2 can accelerate you into:
</p><ul>
	<li>
new languages (and thus into new geographies),
</li>
	<li>
new sources of content (like the web),
</li>
	<li>
new content formats (including the Microsoft
Office and OpenOffice end-user productivity suites),
</li>
	<li>
new applications (powered by even better search and analytics),
</li>
	<li>
new user navigation and information displays (powered by
those same analytics),
</li>
	<li>
new levels of performance (letting
you make your existing apps even faster than before),
</li>
	<li>
new extremes of scalability (through enhanced tuning, new functionality and more low-level control levers than ever before),
</li>
	<li>
new tools for development (check out Oxygen 8.2), and
</li>
	<li>
new tools for systems management (both through our admin interface
and through integration to new status APIs).
</li>
      </ul>

<p>
If it sounds like a lot to take in, it is.  Over the coming weeks and
months, I'll try to blog about some of the more intriguing
bits - at least the parts where I have some unique insight to add.
But for the moment, the best place to soak it all up will be at
our user conference, which starts just next week in the city (go
<a href="http://regonline.com/MarkLogic">here</a> if you haven't
registered already).
</p>
<p>
This year's conference will be at the Hilton Financial District
in San Francisco, starting on Tuesday May 15th.  Having been back
and forth to the hotel a number of times over the last several
months, I prefer to think of it as the "Hilton Chinatown", as it
literally bridges San Francisco's Financial District and Chinatown.
It's a great location, both in terms of the hotel and its immediate
surroundings.  And that's good, because we have a great conference
coming up.
</p>
<p>
For the first time, we're going to <a href="/conference/2007">dual-track</a>
the conference.
We'll have an applications track, focused on customer solutions and
case studies, and a technical track, focused on the nuts and bolts and
of course on MarkLogic Server 3.2.  The applications track will be predominantly
delivered by our customers, and the technical track by us, but
there will certainly be pinch hitters in each track talking "from
the other side".  We're also having a really nice set of plenary
sessions that will give the attendees an opportunity to come back
together and hear about topics that should interest both the yin
and the yang of the MarkLogic user base.
</p>
<p>
I've been spending a lot of time working with the team on the
technical agenda, and the conference program does an excellent job
of summarizing why you might be interested in going to each talk.
However, with my "insider" position, I have the advantage of knowing
a wee bit more about what's going on in each session.  So I'll leave
you with a hint about something-you-might-not-think-you-would-learn
from each of the technical track sessions - an off-the-wall nugget
that might pique your interest sufficiently when faced with the
unenviable decision of "which session should I go to?"
</p>
<ul>
	<li>
<b>Going Beyond English With Enhanced Language Support</b><br/>
Leveraging the work we've done around stemming, this session will
also show you how we've improved precision and recall even if your
applications are English-only.
</li>
	<li>
<b>Getting the Right Order with New Collations</b><br/>
Collations don't sound terribly sexy, but you can save yourself
a whole lot of work if you realize all the ways they can be used.
I'll bet you didn't know that you can use collations to do phone
number comparisons, independent of all the different ways you can
write a phone number!
</li>
	<li>
<b>XQuery Best Practices (Elsevier)</b><br/>
Learn from some folks who've been using our software for years.
And get the lowdown on some of what they've already figured out with 3.2.
(But don't expect them to share everything they know...)
</li>
	<li>
<b>Win, Place and Show with Lexicon Frequency Analysis</b><br/>
Probably the leading candidate for whizziest feature in 3.2, lexicon
frequency analysis doesn't just make things faster - it makes some
new analytics possible for the first time.
</li>
	<li>
<b>Content Logic: Moving Beyond Presentation and Business Logic
(Harvard Business School Publishing)</b><br/>
Business logic.  Content logic.  What's the difference?  Seems to me
that the folks with one of the biggest names in business publishing
would know.  So the good news is that they're going to tell you.
</li>
	<li>
<b>Getting to Big Time Bulk Content Processing</b><br/>
So if we set you a homework problem of reprocessing 25 KB of XML
content, do you know where you would start?  How about if it was
25 TB?  You'll learn the whole range of solutions from this session.
</li>
	<li>
<b>Tuning in to Performance with Fields and Word Query</b><br/>
Fields are probably the single feature in 3.2 with the most
far-reaching impact on production deployments of XML content servers.
I could tell you all the things that fields can do for you, but you
probably wouldn't believe me.  Suffice it to say that it could hurt
your head to attend this session, but your end users (and your IT
manager) might love you for it.
</li>
	<li>
<b>How Do I Search Thee? Let Me Count The Ways...</b><br/>
It wouldn't be a MarkLogic release without more search functionality,
more search scalability, and more search performance.  Did you
ever want to search just-that-one-forest-over-there?  Well, you
can learn how here.
</li>
	<li>
<b>Using &lt;oXygen/&gt; to Debug Applications in MarkLogic Server</b><br/>
It's a bird!  It's a plane!  It's an integrated development
environment for developing content applications in MarkLogic Server!
Imagine a GUI debugger for your XQuery content applications.  No,
wait, you don't have to imagine it - it's here!
</li>
	<li>
<b>Knowing the Score for Relevance</b><br/>
So just how confident are you that you really have an accurate
measure of our fitness for scoring?  If you want to understand that
pun, you should come to the session, which is (as a matter of fact)
delivered by Mark Logic's leading punster.
</li>
	<li>
<b>Getting A New View To Performance with the Performance Profiling API</b><br/>
Boy, just as soon as we've got debugging out there, we're off
making performance profiling possible.  And what's nice is that
unlike the debugging API, the performance profiling API can be
immediately useful to you, the individual developer.  And with a
little bit of SVG, graphical output is yours for the taking!
</li>
	<li>
<b>Enterprise Ready: New Administration and Operation Capabilities</b><br/>
So what if I told you we were opening up the APIs for doing cluster
status and request monitoring?  So that you can integrate MarkLogic
with central monitoring tools...  Would that be interesting to you?
</li>
	<li>
<b>Working with PDF Conversion</b><br/>
PDF, PDF, PDF.  Such a popular format.  And yet, so difficult to
work with.  Together with you, we've figured what works well (and
what doesn't), and 3.2 brings a lot of new tools for people in the
trenches with PDF.  This session will take you through the ins and
outs of a whole set of new conversion options for PDF.
</li>
	<li>
<b>Preparing for Office 2007</b><br/>
Well, this is my own session, so I think it might be ungentlemanly of
me to bias you into attending, not to mention unfair to the
folks over in the applications track.  But let me just say one word.
Demos.
</li>
	<li>
<b>Pushing the Envelope:  Sizing and Scaling</b><br/>
You've heard us talk about "big, fast, XQuery".  This session will
talk about scalability, how 3.2 can help, and will give
you some history on what "big and fast" has meant to us - and where
it's going.  If you're into big, I suspect that there will be at
least one chart that raises your eyebrows.
</li>
      </ul>
<p>
I know that 3.2 is a great release.  And I believe we're going to have a
great conference.  So I look forward to seeing you there next week
to catch up, talk about your business, and talk about how 3.2 can
keep accelerating you forward.
</p>
<p>
See you at the Hilton!
<br/>
ian
</p>


<!-- @EndEditable -->

</div><!-- body -->
</ml:body></ml:Post>