<?xml version="1.0" encoding="UTF-8"?><ml:Post status="Published" xmlns:ml="http://developer.marklogic.com/site/internal" xmlns="http://www.w3.org/1999/xhtml">
  <ml:title>Announcing MarkMail</ml:title>
  <ml:author>Ian Small</ml:author>
  <ml:created>2007-11-12T00:00:00</ml:created>
  <ml:last-updated/>
  <ml:tags>
    <ml:tag>Applications<ml:tag/>
    <ml:tag>MarkMail<ml:tag/>
  </ml:tag></ml:tag></ml:tags>
  <ml:body>
<div id="body">
<!-- @BeginEditable id="body" -->
        <p style="font-size:100%">
        Categories: Applications<br/>
        Altitude:  10,000 feet
        </p>
<p>
Today, we
<a href="http://marklogic.com/press/news_pr_07_Mark_Logic_Unveils_MarkMail.html">officially announced</a>
MarkMail (<a href="http://markmail.org">http://markmail.org)</a>.
</p>
<p>
Those of you who were at the May 2007 User Conference may recall
Jason Hunter's keynote session in which he talked about XML as a data
model for e-mail, and showed an early version of what we've rolled out
over the last week.  I can still remember that when Jason asked for
questions, there was a long silence, until Lisa Bos from Really 
Strategies asked:  "So what are you going to do with it?"
</p>
<p>
Jason's answer summed up what we knew at the time:  "We don't know."
</p>
<p>
Since the user conference, positive reactions have continued to
be the order of the day.  So we decided that we'd take MarkMail to the
next level, and put it up on the web as a free service for people
interested in searching public mailing lists.
</p>
<p>
In fact, we launched it a little over a week ago, when we took the
covers off it and started showing it to selected folks at the Apache
Software Foundation.  Why Apache?  Well, 
they've got about 4,000,000 pretty interesting e-mails, and e-mail
and its history are both really important to them.  So
they were a pretty good place to start. 
Over the last ten days, we've transitioned from a
stealth launch through an Apache community launch to today's
formal launch.
</p>
<p>
Note:  in fact, the MarkMail development team is at 
<a href="http://www.us.apachecon.com/">ApacheCon</a>
in Atlanta starting today (Nov. 12) through the end of the week.
If you're at the conference, go visit them at the Hackathon.
</p>
<p>
If you remember MarkMail from the user conference, the version
you'll find at <a href="http://markmail.org">http://markmail.org</a>
is definitely the "next generation".  We've spent a fair amount of
time figuring out how to create a fluid user experience that takes
e-mail search and discovery to the next level.  The result is
a true <i>content application</i>: 
a user experience completely tailored to the target user and their task,
powered by MarkLogic Server and written in XQuery.
</p>
<p>
If you'd like to know more about MarkMail, take a look at the site's 
<a href="http://markmail.org/docs/faq.xqy">FAQ</a>.  Also,
Dave Kellogg has authored quite a good
<a href="http://marklogic.blogspot.com/2007/11/introducing-markmail.html">posting</a>
in his blog.
</p>
<p>
Initial reaction from the community and from the blogosphere
has been quite positive.  Here's an assortment of third-party blog postings:
</p>
<ul>
	<li>
<a href="http://halls.lug-nut.com/jayce/2007/11/markmail.html">An early fan</a>
</li>
	<li>
Ajaxian covered the
<a href="http://ajaxian.com/archives/markmail-search-and-analyze-email-traffic">launch</a>,
with particular interest toards the site's interactive JavaScript components
</li>
	<li>
Danny Angus <a href="http://blog.killerbees.co.uk/2007/11/james-power-markmail.html">writes</a> about how we use Apache James for e-mail ingestion
</li>
      </ul>
<p>
Of course, Apache isn't the end, it's only the beginning.  We'll be
adding other mailing lists
to the MarkMail archive over time.  If you've got a mailing list
you'd particularly like to see archived at MarkMail,
<a href="http://markmail.org/docs/feedback.xqy">let us know</a>.
</p>
<p>
So go ahead! Take MarkMail out <a href="http://markmail.org">for a spin</a>.
Perhaps you'll find your own
<a href="http://wooga.drbacchus.com/markmail">personal histogram</a>.
</p>
<p>
Cheers
<br/>
ian
</p>


<!-- @EndEditable -->

</div><!-- body -->
</ml:body></ml:Post>