<?xml version="1.0" encoding="UTF-8"?><ml:Post status="Published" xmlns:ml="http://developer.marklogic.com/site/internal" xmlns="http://www.w3.org/1999/xhtml">
  <ml:title>Coding with the MarkMail Masters</ml:title>
  <ml:author>Ian Small</ml:author>
  <ml:created>2007-11-14T00:00:00</ml:created>
  <ml:last-updated/>
  <ml:tags>
    <ml:tag>Applications<ml:tag/>
    <ml:tag>MarkMail<ml:tag/>
  </ml:tag></ml:tag></ml:tags>
  <ml:body>
<div id="body">
<!-- @BeginEditable id="body" -->

        <p style="font-size:100%">
        Categories: Applications<br/>
        Altitude:  10,000 feet
        </p>
<p>
You may have noticed our upcoming event 
"<a href="http://xquery.eventbrite.com">Code with the XQuery Experts</a>", 
scheduled November 30 at our offices in San Carlos (no, not London).  
This is a day-long limited attendance code-a-thon, during which you can 
get some tips and tricks to hone your XQuery skills, get some help 
solving your coding connundrums, and  - perhaps - get yourself an 
iPhone if you've got the best XQuery app being shown that day.
</p>
<p>
The whole idea is simple:  you bring your apps and we'll help you make 
progress on them.  At the same time, we'll show you how we built some of
our best apps, which is a great way to accelerate your learning curve.
</p>
<p>
But here's the kicker.  Your hosts for the day are Jason Hunter and 
Ryan Grimm, co-creators of <a href="http://markmail.org">MarkMail</a>,
and a pair of entertaining fellow to boot.
So when it comes down to the part where we show you how we built some of 
our best apps, perhaps it might not be so unreasonable to expect that 
they might use the app they're currently most familiar with:  MarkMail.
</p>
<p>
So if you're interested in knowing what makes MarkMail tick, in 
understanding what kind of design decisions were made early in its 
development, in seeing how its underlying XML data model enables its 
user experience - well, then, perhaps a day to "Code with the 
MarkMail Masters" might be in your future.
</p>
<p>
Register <a href="http://xquery.eventbrite.com">here</a>.
And see you on the 30th.
</p>
<p>
Cheers
<br/>
ian
</p>


<!-- @EndEditable -->

</div><!-- body -->
</ml:body></ml:Post>