<?xml version="1.0" encoding="UTF-8"?><ml:Post status="Published" xmlns:ml="http://developer.marklogic.com/site/internal" xmlns="http://www.w3.org/1999/xhtml">
  <ml:title>XML Lists Now In MarkMail!</ml:title>
  <ml:author>Ian Small</ml:author>
  <ml:created>2007-01-01T00:00:00</ml:created>
  <ml:last-updated>2007-11-29T00:00:00</ml:last-updated>
  <ml:tags>
    <ml:tag>MarkMail<ml:tag/>
  </ml:tag></ml:tags>
  <ml:body>
<div id="body">
<!-- @BeginEditable id="body" -->


        <p style="font-size:100%">
        Categories: MarkMail<br/>
        Altitude:  10,000 feet
        </p>
<p>
As you might expect, in the days since launch,
we've been starting to expand 
<a href="http://markmail.org">MarkMail</a>'s content footprint.
</p>
<p>
As you may recall, MarkMail launched with an archive of all of the 
<a href="http://apache.markmail.org">Apache mailing lists</a>,
and since launch, the archive has organically grown by about 50,000
messages - purely based on the rate of arrival of Apache-related
messages!
</p>
<p>
But while the Apache open source community is a great place to start,
it's not where we intend to end.  Since launch, and in preparation for
next week's <a href="http://2007.xmlconference.org/event/2/public/content/home">XML 2007</a> conference, we've added a set of XML and XQuery-related mailing
lists.  These include:
</p>
<ul>
	<li>
The OASIS XML-DEV mailing list (list:xml-dev,
found at org.xml.lists.xml-dev):  
<a href="http://markmail.org/search/list:xml-dev">http://markmail.org/search/list:xml-dev</a>
</li>
	<li>
The XSL mailing list (list:xsl-list,
found at com.mulberrytech.lists.xsl-list):
<a href="http://markmail.org/search/list:xsl-list">http://markmail.org/search/list:xsl-list</a>
</li>
	<li>
Three JDOM mailing lists (list:jdom,
found at org.jdom.jdom-[interest,commits,announce]):
<a href="http://markmail.org/search/list:jdom">http://markmail.org/search/list:jdom</a>
</li>
	<li>
Our own developer.marklogic.com mailing list (list:marklogic,
found at com.marklogic.developer.general):  
<a href="http://markmail.org/search/list:marklogic">http://markmail.org/search/list:marklogic</a>
</li>
	<li>
The x-query talk mailing list to which many of
us are subscribed (list:x-query,
found at com.x-query.talk):
<a href="http://markmail.org/search/list:x-query">http://markmail.org/search/list:x-query</a>
</li>
      </ul>
<p>
In total, these lists bring about 200,000 additional messages into the archive,
bringing us to a little under 4.5M messages hosted.  Happy MarkMailing!
</p>
<p></p><h3>Don't Miss the Show at XML 2007!</h3>

<p>
If you're a fan of MarkLogic Server, or a fan of XML in general (which
would seem likely if you're reading this blog), then in all likelihood
you'll be at XML 2007 next week.
</p>
<p>
We'll be there in force as well:
</p>
<ul>
	<li>
Jason Hunter, one of the co-creators of
<a href="http://markmail.org">MarkMail</a>, is giving the closing keynote
on Wednesday, titled
"<a href="http://2007.xmlconference.org/public/schedule/detail/441">You're Darn Right XML Has a Future on the Web</a>".
He'll be using MarkMail and other content applications to demonstrate
that not only is XML alive and well on the web, it's growing.
</li>
	<li>
Matt Turner, who writes the
<a href="http://xquery.typepad.com/">Discovering XQuery</a> blog,
will be talking about Microsoft's Office 2007 XML format, in 
a session titled
"<a href="http://2007.xmlconference.org/public/schedule/detail/362">First Encounters with Office Open XML</a>",
chaired by Really Strategies'
<a href="http://www.reallysi.com/biolb.htm">Lisa Bos</a>.
</li>
	<li>
And, of course, we'll be exhibiting at the conference.
Look for Mark Logic in Booth #1 on the show floor!
(Because, naturally, we're number one!)
</li>
      </ul>

<p>
The scheduling for XML 2007 is tough, coming opposite London Online,
but if you're going to the show, these sessions will help make it 
worthwhile for you.
</p>

<p>
Cheers
<br/>
ian
</p>

<!-- @EndEditable -->

</div><!-- body -->
</ml:body></ml:Post>