<?xml version="1.0" encoding="UTF-8"?><ml:Post status="Published" xmlns:ml="http://developer.marklogic.com/site/internal" xmlns="http://www.w3.org/1999/xhtml">
  <ml:title>Office Logic</ml:title>
  <ml:author>Pete Aven</ml:author>
  <ml:created>2007-11-27T00:00:00</ml:created>
  <ml:last-updated/>
  <ml:tags>
    <ml:tag>Office 2007</ml:tag>
  </ml:tags>
  <ml:body>
<div id="body">
<!-- @BeginEditable id="body" -->

        <p style="font-size:100%">
        Categories: Office 2007<br/>
        Altitude:  1,000 feet
        </p>
<p>
With the release of Microsoft Office 2007, there are now many exciting opportunities for desktop documents in the enterprise and online.  All Office documents are now just a package of XML.  Previously, a Word document was a binary object, capable of only being stored and labeled as a single entity.  Storing documents in this way made them very difficult to repurpose and impossible to search within.  And what about enriching those documents with other information, such as entity types?  Now we can store, search, enrich, and repurpose Word documents in ways never before possible.  With Word 2007 documents stored in a XML Repository, and the ability to manipulate and fetch them using <a href="http://marklogic.com/information/xquery.html">XQuery</a>, we now have the flexibility and firepower to take advantage  of all the information we've stored in our enterprise.  So for the next few weeks, we hope to help you understand how you can take advantage of these multiple opportunities utilizing XQuery and MarkLogic.
</p>
<p></p><h3>Introduction to Word 2007</h3>
<p>A Word document is now just a bag of XML wrapped up in a zip file.</p>
<p>
<img src="/media/2007-11-27-hw.png"/> 
</p>
<p><i>Figure 1</i></p>
<p>
Above is the set of XML created upon saving a simple document. To create this document, just open up Word, type "Hello World", and save.  To inspect the XML, in Windows, take the saved Word 2007 document, change the .docx extension to .zip, right-click on the package and select "Extract All". 
</p>
<p>This is not the maximum number of files you'll find in a .docx.  Depending on the contents of the document, there can be any number of XML files in the package.  All the content is stored in document.xml.  There are many XML files present above that we don't really need to create our own Word document.  Word 2007 is now a consumer for XML files, and we can create the same Word document from scratch with XQuery using just 3 files: <b>[Content_Types].xml</b>, <b>document.xml</b> and <b>.rels</b>. We'll explore these below.
</p>
<p>
Microsoft calls the XML they use in Office 2007 OOXML (Office Open XML).  You'll find many articles that refer to this acronym on the internet and in documentation.  In actuality, a specification exists for each application; WordprocessingML for Word, SpreadsheetML for Excel, and PresentationML for PowerPoint.  The <a href="http://marklogic.com/information/ooxml.html">OOXML</a> formats cover those 3 applications.  Throughout this series we'll touch on some of the specifics of the tags and xml files used, but if you can't wait and want to dive in right now, you can find the ECMA specifications for all the OOXML file formats <a href="http://www.ecma-international.org/publications/standards/Ecma-376.htm">here</a>.
</p>

<p></p><h3>Examining the Document</h3>

<p>If you don't have MarkLogic Server installed yet, go get the <a href="/download">download</a> and install it using a free Community License.  To evaluate the queries, you can grab the latest release of <a href="/code/cq">CQ</a>.  If you wish to explore XQuery beyond our discussion of Office 2007, our <a href="/">developer site</a> has an abundance of useful documentation, downloads, and examples.  The <a href="/pubs/3.2/apidocs/All.html">api reference</a> is clear and very helpful as well.
</p>
<p>First, let's insert the document.</p>
<pre style="font-size: 1.2em; color: #903; overflow: auto" xml:space="preserve">
     xdmp:document-load("C:\HelloWorld.docx",
                         &lt;options xmlns="xdmp:document-load"&gt;
                            &lt;uri&gt;HelloWorld.docx&lt;/uri&gt;
                         &lt;/options&gt;)

</pre>
<p>
Now we have the document in our XML Repository, but it's in the zip file format still. Using MarkLogic's built-in zip functions, we can easily view the document.xml.  To view the contents of document.xml, evaluate the following.
</p>
<pre style="font-size: 1.2em; color: #903; overflow: auto" xml:space="preserve">
     xdmp:zip-get(doc("HelloWorld.docx"), "word/document.xml")
</pre>
<p>What if we want to just extract all the XML files in any Office 2007 document and save them to our XML Repository? Well, we can do that too.
</p>
<pre style="font-size: 1.2em; color: #903; overflow: auto" xml:space="preserve">
     declare namespace zip="xdmp:zip"

     let $doc := "HelloWorld.docx"
     let $directory-uri :=fn:concat($doc,"/")
     let $zipfile := fn:doc($doc)
     let $manifest := xdmp:zip-manifest($zipfile)
     for $part-name in $manifest/zip:part
         let $options := if ($part-name = "/_rels/.rels") then
                              &lt;options xmlns="xdmp:zip-get"&gt;
                                &lt;format&gt;xml&lt;/format&gt;
                              &lt;/options&gt;
                          else
                              &lt;options xmlns="xdmp:zip-get"/&gt;
         let $part := xdmp:zip-get($zipfile, $part-name, $options)
         let $part-uri := fn:concat($directory-uri, $part-name)

         return xdmp:document-insert($part-uri, $part)
</pre>
<p>
You can easily take the above and make it into a reusable module.  What's great about this is that it will work for any Office 2007 OOXML document, be it Word, Excel, or PowerPoint.  All we do is loop through the pieces of the manifest and insert the parts into a directory that is named for the document we are saving.  Since all the files have a .xml extension, MarkLogic will recognize them as XML.  To capture the .rels file as XML we can explicitly assign it the XML format.  Now that we're storing all our Office 2007 documents as XML, we can now search across the documents and when we find what we're looking for, just grab the zip (.docx in this example) or piece of the document that we're interested in.  So now that we're gaining momentum, let's have some fun and step it up a notch.
</p>

<p></p><h3>Creating a Document</h3>

<p>As we mentioned previously, a Word 2007 document to be consumed and displayed by Office 2007 has a minimum of 3 parts.  Since we're interested in XML, it's easiest to just think of these parts as required nodes.  These nodes will be zipped into a single package that we can then open in Word.
</p>
<p>The first part of any Office 2007 OOXML document is what Microsoft calls the "start-part".  It's the place where the application will start to parse the document contents.  Word, Excel, and PowerPoint each have a file in their package considered a start-part.  Since the start-part is different for each application, they each serve a different purpose. For Word, the start-part stores the main text and body of the document and is named document.xml.  We'll create our start-part with some sample text as follows.
</p>
<pre style="font-size: 1.2em; color: #903; overflow: auto" xml:space="preserve">
     let $document :=
      &lt;w:document xmlns:w="http://schemas.openxmlformats.org/wordprocessingml/2006/main"&gt;
        &lt;w:body&gt;
          &lt;w:p&gt;
            &lt;w:r&gt;
              &lt;w:t&gt;Have you visited http://www.MarkMail.org ?&lt;/w:t&gt;
            &lt;/w:r&gt;
          &lt;/w:p&gt;
        &lt;/w:body&gt;
      &lt;/w:document&gt;

</pre>
<p>The second required part is the [Content_Types].xml file.  This file stores the content type for each part inside the package.  It stores information in two ways: one is defining default content-types based on the file extensions for the parts in the package; the second way is to override parts based on the locations of a single part within the package.  The minimal [Content_Types].xml file for a Word document will require the following.
</p>
<pre style="font-size: 1.2em; color: #903; overflow: auto" xml:space="preserve">
     let $content-types :=
      &lt;Types xmlns="http://schemas.openxmlformats.org/package/2006/content-types"&gt;
        &lt;Default Extension="rels"
         ContentType="application/vnd.openxmlformats-package.relationships+xml"/&gt;
        &lt;Default Extension="xml" ContentType="application/xml" /&gt;
        &lt;Override PartName="/word/document.xml" 
         ContentType="application/vnd.openxmlformats-officedocument.wordprocessingml.document.main+xml"/&gt;
      &lt;/Types&gt;
</pre>
<p>The final part we'll need is .rels.  The relationships file tells Word how to relate the start-parts of your package.  In Figure 1 above, you saw a document.xml.rels file.  It turns out there can be many relationships files (*.rels) within a single Word document, but this one in particular is crucial for relating the start-parts of the package.
</p>
<pre style="font-size: 1.2em; color: #903; overflow: auto" xml:space="preserve">
     let $rels :=
      &lt;Relationships xmlns="http://schemas.openxmlformats.org/package/2006/relationships"&gt;
        &lt;Relationship Id="rId1" 
         Type="http://schemas.openxmlformats.org/officeDocument/2006/relationships/officeDocument"
         Target="word/document.xml"/&gt;
      &lt;/Relationships&gt;
</pre>
<p>We're skipping a lot of detail in the examples above, but don't worry about that right now.  For now, just see how $content-types defines the content types for the parts of the package we're going to create, how $rels identifies where to find our start-part, and how $document contains the content for the Word document we're creating.
</p>
<p>
Now, using XQuery and MarkLogic, we can create our Word document.  We can insert the document to our XML Repository, or view by opening directly into Word.  We've chosen to do the latter.
</p>
<pre style="font-size: 1.2em; color: #903; overflow: auto" xml:space="preserve">
     define function generate-docx(
       $content-types as node(),
       $rels as node(),
       $document as node()
     ) as binary()
     {{
       let $manifest := &lt;parts xmlns="xdmp:zip"&gt;
                           &lt;part&gt;[Content_Types].xml&lt;/part&gt;
                           &lt;part&gt;_rels/.rels&lt;/part&gt;
                           &lt;part&gt;word/document.xml&lt;/part&gt;
                        &lt;/parts&gt;
       let $parts := ($content-types, $rels, $document)
       return
         xdmp:zip-create($manifest, $parts)
     }}

     let $content-types :=
       &lt;Types xmlns="http://schemas.openxmlformats.org/package/2006/content-types"&gt;
       &lt;Default Extension="rels" 
        ContentType="application/vnd.openxmlformats-package.relationships+xml"/&gt;
       &lt;Default Extension="xml" ContentType="application/xml" /&gt;
       &lt;Override PartName="/word/document.xml" 
        ContentType="application/vnd.openxmlformats-officedocument.wordprocessingml.document.main+xml"/&gt;
      &lt;/Types&gt;


     let $rels :=
      &lt;Relationships xmlns="http://schemas.openxmlformats.org/package/2006/relationships"&gt;
         &lt;Relationship Id="rId1" 
          Type="http://schemas.openxmlformats.org/officeDocument/2006/relationships/officeDocument" 
          Target="word/document.xml"/&gt;
      &lt;/Relationships&gt;

     let $document :=
      &lt;w:document xmlns:w="http://schemas.openxmlformats.org/wordprocessingml/2006/main"&gt;
       &lt;w:body&gt;
        &lt;w:p&gt;
         &lt;w:r&gt;
          &lt;w:t&gt;Have you visited http://www.markmail.org?&lt;/w:t&gt;
         &lt;/w:r&gt;
        &lt;/w:p&gt;
       &lt;/w:body&gt;
      &lt;/w:document&gt;

     let $package := generate-docx($content-types, $rels, $document)
     let $filename :=  "hello-world.docx"

     let $disposition := concat("attachment; filename=""",$filename,"""")
     let $x := xdmp:add-response-header("Content-Disposition", $disposition)
     let $x := 
      xdmp:set-response-content-type("application/vnd.openxmlformats-officedocument.wordprocessingml.document")
     return
      $package

</pre>
<p>
We've defined a function, generate-docx, that takes our 3 nodes as parameters and returns the zip package.  Once it returns, we have a Word 2007 file that we can open in Office 2007.  Because we've chosen to open our file instead of saving, we give our file a name, and set the response-header and response-content-type so that the proper application will open our document.
</p>
<p>
The 3 files we discussed above are all you need for a simple Word document that can be consumed and used with Office 2007.  If you'd like to have the ability to open in Corel WordPerfect X3, the minimum files required number 5, not 3.  Corel wants 2 more nodes: docProps/app.xml and docProps/core.xml.  To see what these look like, go back to Office 2007, create your "hello world" test .docx document, unzip it and take a look at the docProps/app.xml and docProps/core.xml files you find in there.  You just need to add them to the last bit of code we outlined above.  Remember to update your [Content_Types].xml and .rels entries as well.
</p>

<p></p><h3>Conclusion</h3>


<p>
We've just started to scratch the surface of what we can do with XQuery and Office 2007.  We've covered a lot of ground in a short time, but we aim to take you further.  In the next few weeks, we'll be posting more ways to get the most out of Office 2007 and MarkLogic.  We'll be showing you how to automatically store your Office 2007 documents to MarkLogic, how to enrich your Word documents, how to repurpose content from Word documents as well as other sources, and we'll even explore Excel and PowerPoint.  Look for new posts each Monday; it will be a great way to start the week.
</p>
<p>
For those who use Office 2007, the OOXML formats present a great opportunity for storing, querying, enriching, and repurposing Word 2007 documents in your business or enterprise.  As Office 2007 OOXML applications all store their content in XML, we can even reuse that content to fuel and feed other applications.  XQuery and MarkLogic provide a powerful combination for managing those documents and making the most out of them.
</p>
<p></p>
<p></p>
<p></p>
<p></p>
<p></p>

<!-- @EndEditable -->

</div><!-- body -->
</ml:body></ml:Post>