<?xml version="1.0" encoding="UTF-8"?><ml:Post status="Published" xmlns:ml="http://developer.marklogic.com/site/internal" xmlns="http://www.w3.org/1999/xhtml">
  <ml:title>Enriching Word Documents with &lt;w:customXml&gt;</ml:title>
  <ml:author>Pete Aven</ml:author>
  <ml:created>2008-01-15T00:00:00</ml:created>
  <ml:last-updated/>
  <ml:tags>
    <ml:tag>Office 2007</ml:tag>
  </ml:tags>
  <ml:body>
<div id="body">
<!-- @BeginEditable id="body" -->


<h3>Part 5 in a series on MarkLogic Server and Office 2007</h3>
        <p style="font-size:100%">
        Categories: Office 2007<br/>
        Altitude:  1,000 feet
        </p>

<p></p>

<p>Welcome back!  Today we look at how to enrich Word 2007 documents.  Since in Office 2007 all Word documents are now just XML, it makes sense that we can easily add value to our documents by just inserting additional, more meaningful tags.  This will allow us to add supplemental information as well as help us to identify the content we deem important so we can run the queries and analytics that give us value.  But first, those just joining us may want to catch up with our previous posts.  It will help to have some understanding of the <a href="http://marklogic.com/information/ooxml.html">Open XML</a> formats before we begin.  Also, we provide simple, digestible examples, but we're hoping you'll take the individual posts and put them all together to see the really big picture. Then you'll be able to take advantage of all the opportunities available when we unlock the XML content in our Office 2007 documents. Now in the voice of the narrator from "Lost": <i><b>previously, on developer.marklogic.com...</b></i></p>



<ol>
	<li><a href="2007-11-27">Office Logic (an intro to Office 2007 and the Open XML formats)</a></li>
	<li><a href="2007-12-04">Excel-ing with XQuery</a></li>
	<li><a href="2007-12-11">Getting OOXML into MarkLogic</a></li>
	<li><a href="2007-12-18">Running  (a.k.a. &lt;w:r&gt;-ing) with Word </a></li>
      </ol>



<p>

  There are two ways of adding custom tags to elements or text in WordProcessingML, you can use either &lt;w:customXml&gt; or &lt;w:sdt&gt;.  Today we're going to focus on &lt;w:customXml&gt;. We'll be discussing Content Controls and &lt;w:sdt&gt; in our next post.  When to use which tag where is an "it depends" scenario.  As you'll find out, both offer different functionality that can be helpful to you. The functionality for each differs in the XML, how it's stored in the .docx package, as well as how it's visualized within Office 2007.  We'll point out the major differences throughout, but as always, we focus on how to quickly do something useful using XQuery, Open XML, and MarkLogic Server.

</p>

<p>

In a nutshell, &lt;w:customXml&gt; will allow us to markup elements within our document.xml.  This can be useful for adding metadata/business semantics (we markup sections of the document for ingestion by another service or Content Management System) or for adding levels of granularity for search purposes (identifying all Entities within a document for search and/or analytics).  The Structured Document tag ( &lt;w:sdt&gt; ) will allow us to markup our document, but will also allow us to bind data values from within document.xml to separate XML data islands stored within our .docx package  When leveraged for databinding, this gives us the separation of presentation and data. Both tags present opportunities for us but require a certain level of examination to be useful. Today we focus on &lt;w:customXml&gt;.

</p>



<p></p><h3>Intro to &lt;w:customXml&gt;</h3>

<p>

 These days, if we have a XML document and we want to associate some meaningful information with that document or its contents, we just add the information inline.  So with a normal XML document, if I want to tag the name Mark Logic with "company" anywhere it appears in a document, it might look something like this.

</p>

<pre style="font-size: 1.2em; color: #903; overflow: auto" xml:space="preserve">



      &lt;document&gt;

        &lt;paragraph&gt;

           &lt;company&gt;Mark Logic&lt;/company&gt; is the provider of the industry's leading XML content server.

           &lt;company&gt;Mark Logic&lt;/company&gt; provides solutions for many content processing challenges.

           Being used to solve a wide range of problems across many industries, MarkLogic

           Server lets you load, query, manipulate and render content to unlock its full value.

        &lt;/paragraph&gt;

      &lt;/document&gt;



</pre>

<p>So knowing what this paragraph would look like in our document.xml, can we do something like this and still have the document open successfully in Word?

</p>

<pre style="font-size: 1.2em; color: #903; overflow: auto" xml:space="preserve">



       &lt;w:document xmlns:w="http://schemas.openxmlformats.org/wordprocessingml/2006/main"&gt;

         &lt;w:body&gt;

           &lt;w:p&gt;

             &lt;w:r&gt;

               &lt;w:t&gt;&lt;company&gt;Mark Logic&lt;/company&gt; is the provider of the industry's leading XML content server.

                    &lt;company&gt;Mark Logic&lt;/company&gt; provides solutions for many content processing challenges.

                    Being used to solve a wide range of problems across many industries, MarkLogic

                    Server lets you load, query, manipulate and render content to unlock its full value.

              &lt;/w:t&gt;

             &lt;/w:r&gt;

           &lt;/w:p&gt;

         &lt;/w:body&gt;

       &lt;/w:document&gt;



</pre>

<p>That would be <b>NO</b>.  Adding arbitrary XML markup to a document is not allowed in WordprocessingML.  There is a special tag, &lt;w:customXml&gt;, that can be used to define custom nodes.  To identify our "company" node using this element, an attribute ( @w:element ) will be used.  This allows the document to be validated using a schema (somewhat validated, not really though, more on this later).  But if we edit the document.xml manually, or update it using XQuery in our MarkLogic Server, we don't need to define any schema to add our custom markup.  Time for the plugs:  <i>To learn more about the Open XML formats quickly from an introductory perspective, get the free  <a href="http://openxmldeveloper.org/articles/1970.aspx">e-book</a>.  To dig deeper into the Open XML formats, the ECMA specifications can be found <a href="http://www.ecma-international.org/publications/standards/Ecma-376.htm">here.</a></i></p>

<p>Now, the &lt;w:customXml&gt; element does have one caveat, it's finest level of granularity is the run ( &lt;w:r&gt; ).  So we can't just replace the &lt;company&gt; tags above with &lt;w:customXml w:element="company"&gt; (with their associated closing tags) to get the markup that will be accepted by the Office 2007 consumer, we have to do the following.</p>

<p> <i>Note: the &lt;w:t&gt; tags have been split for readability.  If you cut and paste this into an Office document, you may have unexpected formatting if you don't make the node a single line.</i></p>

<pre style="font-size: 1.2em; color: #903; overflow: auto" xml:space="preserve">



     &lt;w:document xmlns:w="http://schemas.openxmlformats.org/wordprocessingml/2006/main"&gt;

      &lt;w:body&gt;

       &lt;w:p&gt;

         &lt;w:customXml w:element="company"&gt;

           &lt;w:r&gt;

             &lt;w:t&gt;Mark Logic&lt;/w:t&gt;

           &lt;/w:r&gt;

         &lt;/w:customXml&gt;

         &lt;w:r&gt;

             &lt;w:t xml:space="preserve"&gt; is the provider of the industry's leading XML content server.  &lt;/w:t&gt;

         &lt;/w:r&gt;

         &lt;w:customXml w:element="company"&gt;

           &lt;w:r&gt;

             &lt;w:t&gt;Mark Logic&lt;/w:t&gt;

           &lt;/w:r&gt;

         &lt;/w:customXml&gt;

         &lt;w:r&gt;

             &lt;w:t xml:space="preserve"&gt; provides solutions for many content processing challenges.

                                        Being used to solve a wide range of problems across many industries, MarkLogic

                                        Server lets you load, query, manipulate and render content to unlock its full value.&lt;/w:t&gt;

         &lt;/w:r&gt;

       &lt;/w:p&gt;

      &lt;/w:body&gt;

     &lt;/w:document&gt;



</pre>



<p>

The &lt;w:customXml&gt; node becomes a sibling of &lt;w:r&gt; and any run it's marking up becomes its child.  It may be helpful to remember that the run ( &lt;w:r&gt; ) is considered an inline element in WordprocessingML.  Well, that's quite an eyeful, but we're not daunted at all.  We can mark this up quickly and easily with just a few lines of XQuery, and that's exactly what we'll do.  But first, let's take a look at what this looks like in Office 2007.  If you want to play along at home, just take the last XQuery example from our <a href="2007-11-27.xqy">first post</a> and replace the $document node with the  document above.  The document will open in Word and you'll see ....

</p>

<p><img src="/media/2008-01-08-1.png"/></p>

<p>Where did our tags go?  They are there, we just don't see them yet.  To see your tags within the document, just go to the Developer tag and hit the "Structure" button in the "XML" group.  If you don't have the Developer tab available, go to the button, click "word options", check the box that says "Show Developer tab in the Ribbon" and click "ok".  You'll then have the Developer tab available to you.  Once you hit the "Structure" button,  a pane will open on the right that shows "Elements in the document".  Here we see "company" 2 times, as that's the only element we used for markup.  If you click on any of these, the "Mark Logic" they're associated within the document will highlight.  Finally, click the checkbox below that says "Show XML tags in the document".

</p>

<p><img src="/media/2008-01-08-2.png"/></p>

<p>

Now we have a way to visualize your custom markup within Word.  Our example is quite simple, and we'll only scratch the surface of the functionality available in the XML Structure pane, we just want you to be aware of its existence so you can start investigating for yourself.  If you were to nest &lt;w:customXml&gt; tags, you'd see a tree structure in your pane, instead of the list.  To see what this looks like, go to the bottom of the pane and uncheck "List only child elements of current element". Our company element appears as an element we can apply to our current selection.  Now highlight some text in Office, then go click company multiple times. Each time you click you'll see the tags added to the document, and the tree structure in the pane will develop as well.  If you'd like to play around with this some more, you can quickly edit the example and make the @w:element attribute equal something different for each instance of Mark Logic in the document.

</p>

<p>

With &lt;w:customXml&gt; tags in our document.xml, we get use of the pane for adding markup and the visualization our nodes within Word.  But what if we didn't have &lt;w:customXml&gt; tags already within our document?  Well, we wouldn't have any tags available for markup.  You can markup using &lt;w:customXml&gt; from within Word only if your document already has &lt;w:customXml&gt; tags in it already, or by attaching a schema.  If either of those conditions is met, you'll then be able to highlight text and mark it up by clicking the element you want applied from the XML Structure pane.  Let's attach a schema to show what that looks like.

</p>

<p></p><h3>How to attach a schema in Word 2007</h3>

<p>

If you open a new document from within Word, and then navigate to the XML Structure pane, you'll see a message informing you that in order to insert your own XML elements, you must first attach a schema.  So here's a simple schema. Save this as test.xsd somewhere on your desktop.  If you have another schema you'd like to use, but want to check for validity, the w3c provides a handy validator <a href="http://www.w3.org/2001/03/webdata/xsv">here</a>.

</p>

<pre style="font-size: 1.2em; color: #903; overflow: auto" xml:space="preserve">



     &lt;xs:schema xmlns:xs="http://www.w3.org/2001/XMLSchema" targetNamespace="foo" xmlns="foo"&gt;

       &lt;xs:element name="country" type="Country"/&gt;

         &lt;xs:complexType name="Country"&gt;

           &lt;xs:sequence&gt;

             &lt;xs:element name="location" type="xs:string"/&gt;

             &lt;xs:element name="population" type="xs:decimal"/&gt;

           &lt;/xs:sequence&gt;

         &lt;/xs:complexType&gt;

     &lt;/xs:schema&gt;



</pre>

<p>

To add the schema: </p>

<ol>
	<li> Open the document you wish to use the schema with </li>
	<li> Click the "Templates and Add-ins" link in the XML Structure pane, or just click the "schema" button, right next to the "Structure" button in the developer tab.</li>
	<li> Click the "Add Schema" button</li>
	<li> Navigate to the schema file we just saved, and select it</li>
	<li> Click the "Open" button</li>
	<li> A popup (with the uri from our schema grayed out) asks us to enter an alias.  Enter anything here, this is just  the name you'll refer to the schema by in your schema library. Once you've added the schema to Word, it will be available for you to enable for all documents until you delete it.  You can leave the alias blank and it will default to the namespace (foo) when you click Ok.</li>
	<li> Click Ok to close the Schema settings</li>
	<li> Click Ok to close the "Templates and Add-ins" window.</li>
      </ol>

<p> So now you'll see "country {{foo}}" in the lower right of your XML Structure pane.  Once you select some text, you can apply the label by clicking it in the pane.

</p>

<p></p><h3>Notes on applying &lt;w:customXml&gt; using Word</h3>

<p>Ok, the XML Structure pane is actually pretty limited in its usefulness.  It's not really intended for end users, but it can be handy for developers creating &lt;w:customXml&gt; editing solutions.  We think it's worth mentioning so you're aware it exists, and now that you do, here are some points to consider.</p>

<ol>
	<li>As you probably noticed, you don't need to highlight text to apply the markup.  This may be useful for creating placeholders when developing a templated solution, or could cause issues if a user tends to apply tags accidentally to non-existent content.</li>
	<li>The schema validation is not robust.

<ul>
	    <li>When you see the yellow-slash-symbol next to your element, that means it's being used incorrectly in your document.

</li>
	    <li> If you uncheck the "List only child elements of current element" and used those elements for markup, you'll see that child elements don't have a namespace applied.  (namespaces are identified between the braces i.e. country{{foo}}). So we could add the same schema above using a different namespace and markup country{{foo}} and country{{bar}} elements, but we wouldn't know which namespace location and population belong too in our document.xml.

</li>
	  </ul>

</li>
	<li>When you markup content from the pane using an element that has a namespace, the XML in the document.xml will look like &lt;w:customXml w:uri="foo" w:element="company"&gt;  , where "foo" would be the namespace for the schema. But if we manipulate document.xml ourselves, we can apply namespaces to all &lt;w:customXml&gt; elements using the @w:uri attribute. Doing this, all elements in our XML structure pane will have an associated namespace, but note:

<ul>
	    <li>Any use of &lt;w:customXml&gt; means we must have an entry in word/settings.xml in our .docx package for &lt;w:attachedSchema&gt;.  If we don't have a namespace, then we still set it's @val attribute equal to "".  Otherwise, we have a &lt;w:attachedSchema&gt; namespace entry for each schema we've added.  (if you save our example above and then open the .docx package you'll find &lt;w:attachedSchema w:val="foo"/&gt; in word/settings.xml)</li>
	  </ul>

</li>
      </ol>

<p>

To really get a feel for what XML is being produced by Office 2007 when saving, we suggest marking up a document using different schemas, saving, and then opening the package up for examination.  It's great to have some idea of what Word will do, and even better to know what XML is required for any Open XML consumer if we want to use &lt;w:customXml&gt;, but editing XML from within Word is rather tedious, and we have XQuery to do our heavy lifting for us.  Let's get on to the fun stuff!

</p>

<p></p><h3>Applying &lt;w:customXml&gt; using XQuery and MarkLogic Server</h3>

<p>We'll stick with our original paragraph for this example. The question is how to go from a plain paragraph, to a paragraph that uses &lt;w:customXml&gt; to identify and label words within that paragraph.  In our case, anytime we see "Mark Logic", we want to mark it as a company.  We can solve this using CQ.  First, let's set a variable equal to our test document.</p>

<pre style="font-size: 1.2em; color: #903; overflow: auto" xml:space="preserve">



     let $document :=

       &lt;w:document xmlns:w="http://schemas.openxmlformats.org/wordprocessingml/2006/main"&gt;

         &lt;w:body&gt;

           &lt;w:p&gt;

             &lt;w:r&gt;

               &lt;w:t&gt;Mark Logic is the provider of the industry's leading XML content server.

                    Mark Logic provides solutions for many content processing challenges.

                    Being used to solve a wide range of problems across many industries, MarkLogic

                    Server lets you load, query, manipulate and render content to unlock its full value.

              &lt;/w:t&gt;

             &lt;/w:r&gt;

           &lt;/w:p&gt;

         &lt;/w:body&gt;

       &lt;/w:document&gt;



</pre>

<p>The function that will help us most here is cts:highlight().</p>

<pre style="font-size: 1.2em; color: #903; overflow: auto" xml:space="preserve">



     cts:highlight(

	$node as node(),

	$query as cts:query,

	$expr as item()*

     )  as  node()



</pre>

<p>From the <a href="/pubs/3.2/apidocs/All.html">API reference:</a><br/><i>This function returns a copy of the node, replacing any text matching the query with the specified expression. You can use this function to easily highlight any text found in a query. Unlike fn:replace and other XQuery string functions that match literal text, cts:highlight matches every term that matches the search, including stemmed matches or matches with different capitalization.</i></p>

<p>So we'll just pass our $document as the 1st parameter, our query in the 2nd parameter, and return our marked up document using the expression passed in the 3rd parameter.</p>

<pre style="font-size: 1.2em; color: #903; overflow: auto" xml:space="preserve">



     let $highlighteddoc:=

       cts:highlight($document, cts:word-query("Mark Logic"),

                     &lt;w:customXml w:element="company"&gt;&lt;w:r&gt;&lt;w:t&gt;{$cts:text}&lt;/w:t&gt;&lt;/w:r&gt;&lt;/w:customXml&gt;)



</pre>

<p>We're doing the example in CQ, with a clean paragraph, so we can focus on our &lt;w:customXml&gt; solution.  We know from our <a href="2007-12-18">last post</a> that we may have to merge the runs to have the ability to search for and markup the text we're looking for. For this example though, cts:highlight() will find all instance of "Mark Logic" in the text.  </p>

<p>Now add "return $highlighteddoc" (without quotes) to the end of your code in CQ and evaluate.  Your output will look like the following:</p>

<pre style="font-size: 1.2em; color: #903; overflow: auto" xml:space="preserve">



     &lt;w:document&gt;

       &lt;w:body&gt;

         &lt;w:p&gt;

           &lt;w:r&gt;

             &lt;w:t&gt;

               &lt;w:customXml w:element="company"&gt;

                 &lt;w:r&gt;

                   &lt;w:t&gt;Mark Logic&lt;/w:t&gt;

                 &lt;/w:r&gt;

               &lt;/w:customXml&gt;

               is the provider of the industry's leading XML content server.

               &lt;w:customXml w:element="company"&gt;

               &lt;w:r&gt;

                 &lt;w:t&gt;Mark Logic&lt;/w:t&gt;

               &lt;/w:r&gt;

               &lt;/w:customXml&gt;

               provides solutions for many content processing challenges.

               Being used to solve a wide range of problems across many industries, MarkLogic

               Server lets you load, query, manipulate and render content to unlock its full value.

             &lt;/w:t&gt;

           &lt;/w:r&gt;

         &lt;/w:p&gt;

       &lt;/w:body&gt;

     &lt;/w:document&gt;



</pre>

<p>This has done part of the job for us, but we need to do more.  Since we can't markup the document inline (we have to use inline elements), we have to transform a single run ( &lt;w:r&gt; ), into potentially multiple runs with custom node ( &lt;w:customXml&gt; ) siblings that have their own runs as children for the text they markup.  This may sound complex, but it's not really.  If you look at the output, the first thing you notice is that the text that isn't a child of &lt;w:customXml&gt; is that element's sibling. If we wrap those strings in &lt;w:r&gt; tags, we'll have runs as siblings to &lt;w:customXml&gt;.  Then, we just need to have the XML we've created not be a sibling of the &lt;w:t&gt; node, and we'll be in business.</p>

<p>This sounds like we may need to iterate over the entire document and do some transformation. So this is a good place for a typeswitch.  For more on typeswitch, please see the <a href="/3.2/books/dev_guide.pdf">Developer's Guide</a>.  So let's dispatch our document, and anytime we come across a run, well just map our &lt;w:customXml&gt;.  <i>Place the "let" following the let for $highlighteddoc. Place functions above your FLWR in CQ, and remember to add the namespace on the first line.</i></p>

<pre style="font-size: 1.2em; color: #903; overflow: auto" xml:space="preserve">



     declare namespace w="http://schemas.openxmlformats.org/wordprocessingml/2006/main"



     define function passthru($x as node()*) as node()*

     {

       for $i in $x/node() return dispatch($i)

     }



     define function dispatch($x as node()*) as node()*

     {

       typeswitch ($x)

        case element(w:r) return map($x/w:t/node())

        default return  element{fn:name($x)} {$x/@*,passthru($x)}

     }



     let $newdocument := dispatch($highlighteddoc)



</pre>

<p>So far, this looks like pretty familiar stuff.  Now we just need our map() function.  For that we'll use another typeswitch.  We want to iterate over the run, and for any text() nodes (NOT &lt;w:t&gt; nodes, but just nodes of type text), create our run.  If the node is &lt;w:customXml&gt;, we'll return it as is, and if it's anything else, we'll just return the empty sequence.

</p>

<pre style="font-size: 1.2em; color: #903; overflow: auto" xml:space="preserve">



     define function map($x as node()*) as node()*

     {

       for $child in $x return

         typeswitch ($child)

          case text() return makerun($child)

          case element(w:customXml) return $child

          default return ()

     }



     define function makerun($x as text()) as element(w:r)

     {

       &lt;w:r&gt;&lt;w:t  xml:space="preserve"&gt;{$x}&lt;/w:t&gt;&lt;/w:r&gt;



     }



</pre>

<p>Putting it all together, place the following in CQ and evaluate.</p>

<pre style="font-size: 1.2em; color: #903; overflow: auto" xml:space="preserve">



     declare namespace w="http://schemas.openxmlformats.org/wordprocessingml/2006/main"



     define function passthru($x as node()*) as node()*

     {

       for $i in $x/node() return dispatch($i)

     }



     define function map($x as node()*) as node()*

     {

       for $child in $x return

        typeswitch ($child)

         case text() return makerun($child)

         case element(w:customXml) return $child

         default return ()

     }



     define function dispatch($x as node()*) as node()*

     {

       typeswitch ($x)

       case element(w:r) return map($x/w:t/node())

       default return  element{fn:name($x)} {$x/@*,passthru($x)}

     }



     define function makerun($x as text()) as element(w:r)

     {

       &lt;w:r&gt;&lt;w:t  xml:space="preserve"&gt;{$x}&lt;/w:t&gt;&lt;/w:r&gt;

     }



     let $document :=

       &lt;w:document xmlns:w="http://schemas.openxmlformats.org/wordprocessingml/2006/main"&gt;

         &lt;w:body&gt;

           &lt;w:p&gt;

             &lt;w:r&gt;

               &lt;w:t&gt;Mark Logic is the provider of the industry's leading XML content server.

                    Mark Logic provides solutions for many content processing challenges.

                    Being used to solve a wide range of problems across many industries, MarkLogic

                    Server lets you load, query, manipulate and render content to unlock its full value.

              &lt;/w:t&gt;

             &lt;/w:r&gt;

           &lt;/w:p&gt;

         &lt;/w:body&gt;

       &lt;/w:document&gt;





     let $highlighteddoc:=

       cts:highlight($document, cts:word-query("Mark Logic"),

                     &lt;w:customXml w:element="company"&gt;&lt;w:r&gt;&lt;w:t&gt;{$cts:text}&lt;/w:t&gt;&lt;/w:r&gt;&lt;/w:customXml&gt;)

     let $newdocument := dispatch($highlighteddoc)

     return $newdocument





</pre>

<p>This is great!  With a few lines of XQuery, we were able to markup our document with meaningful metadata and the document is still consumable by Office 2007.  If you've read the previous posts, you can just replace $document with the output from CQ and open directly into Word to see what we've accomplished.  Otherwise, just cut and paste the output from CQ into document.xml within a simple Word package, zip it up as .docx, and open.</p>

<p>This is just one way of solving this problem, you may have others.  We urge you to experiment and have some fun with XQuery, MarkLogic Server, and the Open XML formats.  That's really the best way to learn more about all 3.  For example, you may want to experiment running our solution against multiple paragraphs, or adding the @w:uri attribute to the &lt;w:customXml&gt; node, or adding the functions and code to one of your previous .xqy files, etc.</p>

<p></p><h3>Conclusion</h3>

<p>The &lt;w:customXml&gt; element provides us a way of marking up our Word documents right within the document.xml part of our .docx package.  This can be useful for adding metadata and business semantics, as well as for search and analytics.  Using XQuery and MarkLogic built-ins, we a have simple, fast, and effective way of quickly adding value to our existing Word documents, and they'll still be available to users in Word.  In fact, users can remain blissfully unaware of the markup as they make their edits, or we can let them know how to visualize the markup within Word using the utilities available in the Developer tab.  For our example, we focused on a single document, but when one thinks of enriching multiple documents, and the multiple queries available to us in MarkLogic Server, the possibilities suddenly get very exciting.</p>

<p>If you've come this far with us, Thanks!!! That's Excellent!!! Your crash course in XQuery, MarkLogic Server, and the Open XML formats is almost complete. Next week we wrap up our series with a look at Content Controls and &lt;w:std&gt;. Until then, cheers! </p>

<p></p>



<!-- @EndEditable -->

</div><!-- body -->
</ml:body></ml:Post>