<?xml version="1.0" encoding="UTF-8"?><ml:Post status="Published" xmlns:ml="http://developer.marklogic.com/site/internal" xmlns="http://www.w3.org/1999/xhtml">
  <ml:title>XQuery, Office 2007, and the Open Packaging Convention</ml:title>
  <ml:author>Pete Aven</ml:author>
  <ml:created>2008-01-08T00:00:00</ml:created>
  <ml:last-updated/>
  <ml:tags>
    <ml:tag>Office 2007</ml:tag>
  </ml:tags>
  <ml:body>
<div id="body">
<!-- @BeginEditable id="body" -->
          <h3>An alternate approach to serializing Word and PowerPoint documents in Office 2007</h3>
        <p style="font-size:100%">
        Categories: Office 2007<br/>
        Altitude:  1,000 feet
        </p>
<p></p>

<p>Happy New Year! We hope you all enjoyed the holidays.  We're back and have more MarkLogic goodness to share with you.  First, a few reminders:  If you're interested in trying the examples out for yourself and don't have MarkLogic Server installed yet, <a href="/download/">go get the download</a> and <a href="/pubs/4.0/books/install.pdf">install</a> it using a free Community License. To evaluate the queries, you can grab the latest release of <a href="/code/cq">CQ</a>.  Also, you can subscribe to the developer blog <a href="/rss/feeds/general.xqy">here</a>.  Ok, let's get to it. 
</p>
<p>Today we take a look at a second way of serializing the XML
within a Word 2007 document by taking advantage of the Open Packaging
Convention (OPC). Recall, in our <a href="/columns/smallchanges/2007-11-27">first post</a>, we introduced the concept of how a Word document in Office 2007
is just a .zip file, a bag containing multiple XML pieces. In that post, we
demonstrated a way to save the separate XML pieces from an Open XML package
into MarkLogic Server. We also introduced server-side document assembly. We
generated a .docx on the server by creating the necessary XML files and then
zipped those contents into a .docx using MarkLogic built-in utilities. We then
finished our example by opening our document directly into Word 2007. In this
post we'll expand on these concepts by demonstrating another way to store and
retreive a Word 2007 package as a single XML document.</p>

<p>After saving the pieces from an Open XML package into MarkLogic, we then have
several XML documents available for search and content repurposing. Depending
on the searches we'd like to perform, defining query constraints based on
markup that occurs in multiple pieces within a single .docx package can be a
bit cumbersome. We have to manage the relationship of the parts within a single
Word document on the server and within our queries. <span style="color:#1F497D"> </span>So
if you've worked with <a href="http://marklogic.com/information/ooxml.html">OOXML</a>, you've probably asked yourself at some point:
Isn't there a way to just serialize all the pieces extracted from an Open XML
package into a single XML document? And next you've probably wondered: 
Can’t that same XML document be consumed by Office 2007 to open our
document directly into Word?  The answer to both questions is Yes!, and OPC helps make it happen.<span style="color:#1F497D"></span></p>

<p></p><h3>Introduction to OPC and &lt;pkg:package&gt;</h3>


<p>OPC is the term used to describe the XML format that captures an Open XML package as a single element.  To view what the XML for a document saved in the OPC format looks like, just
open Word 2007 and save a test document as .xml. ( Maybe type "Hello,
World", or some other text, into the document before saving so you have
some content to look at. ) Go to the Button, choose 'Save As', and select
'Other Formats'. Next, in the 'Save As' dialog box that appears, choose 'Word
XML Document (*.xml)' from the 'Save as type' dropdown. <i>Note: this is the
proper selection for WordprocessingML. Don't choose Word 2003 XML, as that's
something different. </i></p>
<p><img src="/media/2009-01-08-1.PNG"/></p>
<p>Now, wherever you've saved your file, you can double click the XML document and have it open directly into Word.</p>
<p><img src="/media/2009-01-08-2.PNG"/></p>
<p>To examine the XML, just open the file within your favorite XML editor. I've
copied the first few lines of our example file below for reference. </p>
 
<!--<p><img src="/media/2008-11-14-3.PNG" /></p>-->
<pre style="font-size: 1.2em; color: #903; overflow: auto" xml:space="preserve">

&lt;?xml version="1.0" encoding="UTF-8" standalone="yes"?&gt;
&lt;?mso-application progid="Word.Document"?&gt;
&lt;pkg:package xmlns:pkg="http://schemas.microsoft.com/office/2006/xmlPackage"&gt;
  &lt;pkg:part pkg:name="/word/document.xml" 
            pkg:contentType="application/vnd.openxmlformats-officedocument.wordprocessingml.document.main+xml"&gt;
    &lt;pkg:xmlData&gt;
      &lt;w:document xmlns:w="http://schemas.openxmlformats.org/wordprocessingml/2006/main"&gt;
        &lt;w:body&gt;
          &lt;w:p&gt;
            &lt;w:r&gt;
              &lt;w:t&gt;Hello, World.&lt;/w:t&gt;
            &lt;/w:r&gt;
          &lt;/w:p&gt;
        &lt;/w:body&gt;
      &lt;/w:document&gt;
    &lt;/pkg:xmlData&gt;
  &lt;/pkg:part&gt;
  &lt;pkg:part pkg:name="/word/theme/theme1.xml" 
            pkg:contentType="application/vnd.openxmlformats-officedocument.theme+xml"&gt;


</pre>
<p>The first thing we notice is that this file is not .zip, but just a
single XML document. This document is
the package, serialized using the OPC format.</p>
<p>Next, we notice the processing instruction:</p>
<pre style="font-size: 1.2em; color: #903; overflow: auto" xml:space="preserve">

&lt;?mso-application progid="Word.Document"?&gt;

</pre>
<p>This instruction is what allows us to double-click the document and have it
open in Word. A similar instruction exists for PowerPoint as well. </p>

<p>Continuing, we see the parent node for the document is &lt;pkg:package&gt;. </p>
<ul>
	<li>&lt;pkg:package&gt; contains children of type &lt;pkg:part&gt;.</li>
	<li>Each &lt;pkg:part&gt; element has attributes @pkg:name and
@pkg:contentType.</li>
	<li>@pkg:name defines the name of the XML part and it's directory path
within the .docx package.</li>
	<li>@pkg:contentType defines the content type for the part within the
package.</li>
	<li>Each &lt;pkg:part&gt; has a child element &lt;pkg:xmlData&gt;.</li>
	<li>The child of &lt;pkg:xmlData&gt; is the respective file from the .docx
package.</li>
	<li>All files from the .docx package are serialized here, except for
[Content_Types].xml. (defined on @pkg:contentType)</li>
      </ul>
<p><i>Note: I'm using Word for our example, but this same capability exists for
PowerPoint as well. You can save a PowerPoint presentation as XML, and it will
be saved in the OPC format.</i></p>


<p></p><h3>Creating the &lt;pkg:package&gt; with XQuery</h3>
<p>If you're using MarkLogic Server 4.0, then you already have the 'Office Open
XML Extract' pipeline available in the Content Processing Framework (CPF) to
extract XML pieces from Open XML packages when you save them to the Server. The
parts will be saved in a directory named for the original file. Within this
directory, the individual pieces will maintain the directory structure they had
in the originating package. So if we save HelloWorld.docx to the Server and the
pipeline is activated, we'd save the original .docx package, as well as the
following files: </p>


<pre style="font-size: 1.2em; color: #903; overflow: auto" xml:space="preserve">

/HelloWorld_docx_parts/[Content_Types].xml
/HelloWorld_docx_parts/_rels/.rels
/HelloWorld_docx_parts/docProps/app.xml
/HelloWorld_docx_parts/docProps/core.xml
/HelloWorld_docx_parts/word/_rels/document.xml.rels
/HelloWorld_docx_parts/word/document.xml
/HelloWorld_docx_parts/word/fontTable.xml
/HelloWorld_docx_parts/word/settings.xml
/HelloWorld_docx_parts/word/styles.xml
/HelloWorld_docx_parts/word/theme/theme1.xml
/HelloWorld_docx_parts/word/webSettings.xml

</pre>
<p>For this example, we'll assume we're using MarkLogic Server 4.0. After
insuring the 'Office Open XML Extract' pipeline has been enabled in CPF, open a
new Word document, type in some text, and save it to the Server as 'HelloWorld.docx'.
The parts of the package will be saved in a directory named
'/HelloWorld_docx_parts'. We're going to take these pieces, and serialize them
as a single &lt;pkg:package&gt;. You can just cut and past the code below into
<a href="/code/cq">CQ</a> to try it out.</p>
<pre style="font-size: 1.2em; color: #903; overflow: auto" xml:space="preserve">

xquery version "1.0-ml";
declare namespace ooxml = "http://marklogic.com/openxml";
declare namespace pkg = "http://schemas.microsoft.com/office/2006/xmlPackage";

declare function ooxml:get-part-content-type($uri as xs:string) as xs:string?
{
   if(fn:ends-with($uri,".rels"))
   then 
       "application/vnd.openxmlformats-package.relationships+xml"
   else if(fn:ends-with($uri,"document.xml"))
   then
      "application/vnd.openxmlformats-officedocument.wordprocessingml.document.main+xml" 
   else if(fn:matches($uri, "theme\d+\.xml"))
   then 
      "application/vnd.openxmlformats-officedocument.theme+xml"
   else if(fn:ends-with($uri,"settings.xml"))
   then 
      "application/vnd.openxmlformats-officedocument.wordprocessingml.settings+xml"
   else if(fn:ends-with($uri,"styles.xml"))
   then 
      "application/vnd.openxmlformats-officedocument.wordprocessingml.styles+xml"
   else if(fn:ends-with($uri,"webSettings.xml"))
   then 
      "application/vnd.openxmlformats-officedocument.wordprocessingml.webSettings+xml"
   else if(fn:ends-with($uri,"fontTable.xml"))
   then 
      "application/vnd.openxmlformats-officedocument.wordprocessingml.fontTable+xml"
   else if(fn:ends-with($uri,"docProps/core.xml"))
   then
        "application/vnd.openxmlformats-package.core-properties+xml"
   else if(fn:ends-with($uri,"docProps/app.xml"))
   then
       "application/vnd.openxmlformats-officedocument.extended-properties+xml"
   else
       ()
    
};

declare function ooxml:get-part-attributes($uri as xs:string) as node()*
{

  let $name := attribute pkg:name{$uri}
  let $contenttype := attribute pkg:contentType{ooxml:get-part-content-type($uri)}
  let $padding := if(fn:ends-with($uri,".rels")) then

                     if(fn:starts-with($uri,"/_rels")) then
                      attribute pkg:padding{ "512" }
                     else    
                      attribute pkg:padding{ "256" }

                  else
                     ()
  
  return ($name, $contenttype, $padding)
};

declare function ooxml:get-package-part($directory as xs:string, $uri as xs:string) as node()?
{
  let $docuri := fn:concat("/",fn:substring-after($uri,$directory))
  let $data := doc($uri)

  let $part := if(fn:empty($data) or fn:ends-with($uri,"[Content_Types].xml")) then () 
               else
                  element pkg:part { ooxml:get-part-attributes($docuri), element pkg:xmlData { $data }}
  return $part 
};

declare function ooxml:make-package($directory as xs:string, $uris as xs:string*) as node()*
{
  let $package := element pkg:package { 
                            for $uri in $uris
                            let $part := ooxml:get-package-part($directory,$uri)
                            return $part }
  return $package
};

 let $directory := "/HelloWorld_docx_parts/"
 let $uris := cts:uris("","document",cts:directory-query($directory,"infinity"))
 return  ooxml:make-package($directory, $uris) 


</pre>

<p>So it looks like there's a lot going on here, but it's actually pretty
simple. We have one large function above for assigning content types to the
various files, so it may look like a lot of code, but let's start at the bottom
of our example and work our way up to examine what's really happening here.</p>
<p>First, we get the uris for the files saved in our directory by evaluating
cts:uris on the results of a directory query. We are passing this sequence of
uris to a function: ooxml:make-package.</p>

<p>In ooxml:make-package, we have the pkg:package element constructor, which
calls a function ooxml:get-package-part for each uri in the package.</p>

<p>Finally, the function ooxml:get-package-part returns the element contructor
for pkg:part. If the file is [Content_Types].xml, we ignore it. Within the
constructor we call another function, ooxml:get-part-attributes, to set the
attributes @pkg:name and @pkg:contentType for the &lt;pkg:part&gt;. If the uri
references the XML for a .rels file from within the package, we also have to
set the @pkg:padding attribute. The content type for the piece is determined in
the function ooxml:get-part-content-type by the uri for the part.</p>

<p>Ok, that's fun. But what if we'd like to open our XML directly into Word 2007? Just replace the line:<br/> 'return ooxml:make-package($directory,$uris)'
<br/> in the example above with the code below. Save the example to a file named
HelloWorld.xqy in your /Docs directory on the server, and then open your
favorite browser and just navigate to 'http://localhost:8000/HelloWorld.xqy'.
The document will open directly into Word.</p>

<pre style="font-size: 1.2em; color: #903; overflow: auto" xml:space="preserve">

 let $filename :=  "HelloWorld.xml"
 let $package :=  (&lt;?mso-application progid="Word.Document"?&gt;,ooxml:make-package($directory, $uris))
 let $disposition := concat("attachment; filename=""",$filename,"""")
 let $x := xdmp:add-response-header("Content-Disposition", $disposition)
 let $x := 
   xdmp:set-response-content-type("application/vnd.openxmlformats-officedocument.wordprocessing.xml")
 return $package

</pre>
<p>This example is by no means a comprehensive solution for transforming all
Word 2007 documents stored in MarkLogic Server to the OPC format. For one
thing, there are many other content types to consider.  The other content types and their relationships can be found sprinkled throughout <a href="http://standards.iso.org/ittf/PubliclyAvailableStandards/index.html">Part 1 of the spec</a>; however, a  much friendlier summary can be found <a href="http://blogs.msdn.com/ericwhite/pages/openxml-content-types-as-an-xml-document.aspx">here</a>.  <a href="http://standards.iso.org/ittf/PubliclyAvailableStandards/index.html">Part 2 of the spec</a> contains all the details on OPC.
</p>
<p>  We hope the example is helpful and maybe sparks some ideas. We've
found the OPC format to be very useful and think you may too. Let us know what
you think. But before we go, we have to mention how images are handled.</p>


<p></p><h3>Images and Binary Parts</h3>
<p>A special characteristic of the OPC format is that binary parts are stored
as base64 encoded strings. The string must be broken into lines of 76
characters, and there must not be a line break at the beginning or end of the
data. No big deal, an example of what the XML looks like follows.</p>
<pre style="font-size: 1.2em; color: #903; overflow: auto" xml:space="preserve">

   &lt;pkg:part pkg:name="/word/media/image1.jpeg" 
             pkg:contentType="image/jpeg" 
             pkg:compression="store"&gt;
       &lt;pkg:binaryData&gt;/9j/4AAQSkZJRgABAQAAAQABAAD/2wBDAAkGBwgHBgkIBwgKCgkLDRYPDQwMDRsUFRAWIB0iIiAd
                       Q9wT2Ujace5FHrXBNO5+mVJ8R9cGhyavaaZb3dhA22WdmIK8ZySuVOOxxjuOO+Kuw8Z9Ru7u3tzp	
                       FoomlWMSLKzKMnH7FTNdtL8QXdrNotxLpcoa5a0nuYovIfdg+T5JJZcHcQ6nG3PcmlcmmLY9VWWy
                       RyaKKTsB99P9L6bYWquVku5JVDM12wkxnnABGAOatf4Vp3+Atf8AZX/iiinAmUUUUAf/2Q==&lt;/pkg:binaryData&gt;
    &lt;/pkg:part&gt;

</pre>
<p>The &lt;pkg:part&gt; element requires the attribute @pkg:compression. We
would also need to assign the appropriate content type. Instead of the child
element, &lt;pkg:xmlData&gt;, we require the element &lt;pkg:binaryData&gt;.</p>

<p>If you're interested in trying this out for yourself, assuming you have a
.jpeg stored in your document, the following should help get you started.</p>

<pre style="font-size: 1.2em; color: #903; overflow: auto" xml:space="preserve">

 let $img := doc("/imageTest_docx_parts/word/media/image1.jpeg")
 let $binstring :=   xs:base64Binary(xs:hexBinary($img)) cast as xs:string 
 return $binstring

</pre>
<p>All that's left is to format the string. Some simple recursion and
fn:substring can take care of that. Something we've found that's useful about
encoding images and binary parts in the OPC format is that when we open our XML into
Word and save as a .docx, the parts are materialized in their respective
locations within the .docx package.</p>

 
<p></p><h3>Conclusion</h3>
<p>So the answer to the age old question:<i> Can a Word 2007 .docx package be
serialized as a single XML document? </i>is a resounding YES! The OPC format
allows us an alternate way to serialize both Word and PowerPoint documents in
Office 2007. This can be useful for many reasons. A couple that come to mind
are simplifying document management on the server and simplifying and
optimizing our queries for search and content repurposing. If the system of
delivery for a Word 2007 document is a .docx package, then maybe zipping up
those multiple pieces into a .docx makes sense. But if we're building <a href="http://marklogic.com/information/content-applications.html">content
applications</a> that deliver our content through a browser and/or if we have many
rich transformations we want to apply to our documents, then the OPC format may
be appropriate for our solutions. Office 2007 is a producer and consumer of
XML, but more producers and consumers are out there, opening up whole new
worlds of opportunity for document assembly and delivery.
</p><p> We hope you found this post useful. If you have any questions,
comments, or suggestions for these posts, please let us know on the <a href="/discuss/">general discussion mailing list.</a></p>

<p>And now as a refresher, and in an act of shameless self-promotion, if you'd like to know more
about MarkLogic Server and Office 2007, our previous posts are listed below.
Until next time, cheers!</p>

<p>
</p><ol>
	<li><a href="/columns/smallchanges/2007-11-27">Office Logic (an intro to Office 2007 and the Open XML formats )</a></li>
	<li><a href="/columns/smallchanges/2007-12-04">Excel-ing with XQuery</a></li>
	<li><a href="/columns/smallchanges/2007-12-11">Getting OOXML into MarkLogic</a></li>
	<li><a href="/columns/smallchanges/2007-12-18">Running  (a.k.a. &lt;w:r&gt;-ing) with Word </a></li>
	<li><a href="/columns/smallchanges/2008-01-08">Enriching Word Documents with &lt;w:customXml&gt; </a></li>
	<li><a href="/columns/smallchanges/2008-01-22">A Final Word </a></li>
      </ol>


<p></p>

<!-- @EndEditable -->

</div><!-- body -->
</ml:body></ml:Post>