<?xml version="1.0" encoding="UTF-8"?><ml:Post status="Published" xmlns:ml="http://developer.marklogic.com/site/internal" xmlns="http://www.w3.org/1999/xhtml">
  <ml:title>Document Assembly with MarkLogic Server and Microsoft Word</ml:title>
  <ml:author>Pete Aven</ml:author>
  <ml:created>2008-01-22T00:00:00</ml:created>
  <ml:last-updated/>
  <ml:tags>
    <ml:tag>Office 2007</ml:tag>
  </ml:tags>
  <ml:body>
<div id="body">
<!-- @BeginEditable id="body" -->

          <h3>Creating new documents from existing sources using XQuery, MarkLogic Server, and the altChunk element in Word</h3>
        <p style="font-size:100%">
        Categories: Office 2007<br/>
        Altitude:  1,000 feet
        </p>
<p></p>

<p>We often create new documents using parts and chunks of material from other documents we've previously authored.  We repurpose pieces of content from documents that we've somehow managed to store in multiple, various places. We may want to reuse a paragraph from one of our blog posts, a text document we've stored on our filesystem, and of course we'll want parts of documents we've saved in MarkLogic Server.  Today we'll demonstrate how we can use some of the tools MarkLogic Server provides us to grab the pieces of content we want to repurpose and deliver those results into a Microsoft Word document.</p>
<p>Word documents are now composed of WordprocessingML.  One of the more interesting elements this provides us is &lt;w:altChunk&gt;.  We'll explore this element as it provides Word's mechanism for creating a document from sources that include format types that aren't WordprocessingML.  While we can use XQuery to transform our content into WordprocessingML, we'll find out how &lt;w:altChunk&gt; enables Word to do a lot of the transformation work for us.</p>

<p></p><h3>Quick Word 2007 Review</h3>
 <p><i>Pop quiz hotshots!</i>:<br/> What are the 3 files required for a basic Word 2007 document?  Do you know how to use <b>[Content_Types].xml</b>?  How about <b>.rels</b>?  Not sure?  That's ok, just check our previous <a href="/columns/smallchanges/2007-11-27">introduction to Word 2007.</a></p>
<p>How about paragraph elements?  Do you know what runs are?  If not, you may want to review our <a href="/columns/smallchanges/2007-12-18">introduction to WordprocessingML</a> too.  </p>
<p><i>Note: Building a Word doc from scratch can actually be very simple, so we won't spend a lot of time discussing in this post. If some of the code examples or terminology used below don't make sense, you may find those 2 posts helpful.</i></p>
<p></p><h3>Introduction to &lt;w:altChunk&gt;</h3>
<p>We find the &lt;w:altChunk&gt; in document.xml.  It is a sibling of the paragraph (&lt;w:p&gt;) element and can be used any place in the markup that we can use &lt;w:p&gt; (within tables, as well as the body, etc.). </p>
<p><b>In a nutshell:</b>  We place &lt;w:altChunk&gt; in our document.xml at a place in the document where we wish to import content.  It is used to import content with a format that's an alternate to WordprocessingML.   The @r:id attribute value specifies the id of the chunk of content to be imported.   The chunk is imported from a file located within the .docx package.  As an example, let's say we we want to add a text file to the HelloWorld.docx we <a href="/columns/smallchanges/2007-11-27">created previously</a>.  If we add the text file to the .docx pacakge, we can import it into the main document by making 3 simple updates to our package:
</p><ul>
	<li>Add &lt;w:altChunk r:id="someidentifier"/&gt; to our document.xml.</li>
	<li>Update [Content_Types].xml to specify the content type of the file (if not already present).</li>
	<li>Update word/_rels/document.xml.rels to refer to the added file by the id.</li>
      </ul>

<p>&lt;w:altChunk&gt; can import content with the following format types:
</p><ul>
	<li>text/html<ul>
	    <li>A HTML document.</li>
	  </ul></li>
	<li>text/plain<ul>
	    <li>A Text document.</li>
	  </ul></li>
	<li>application/xhtml+xml<ul>
	    <li>A XHTML document.</li>
	  </ul></li>
	<li>application/vnd.openxmlformats-officedocument.wordprocessingml.document.main+xml<ul>
	    <li>An existing .docx package in binary form. (That's right, we can import other Word documents.)</li>
	  </ul></li>
      </ul> 

<p></p><h3>Creating a Word Document</h3>
<p>So let's see this in action.  Using MarkLogic built-ins, we'll grab a text file from our filesystem, a paragraph from a web page on wikipedia, and a .docx we previously saved to the Server to create a new Word document using &lt;w:altChunk&gt;.  We'll zip the results up in a .docx and open directly into Word.</p>
<pre style="font-size: 1.2em; color: #903; overflow: auto" xml:space="preserve">

xquery version "1.0-ml";
declare namespace gso = "generate-simple-ooxml-alt";
declare namespace html ="http://www.w3.org/1999/xhtml";

declare function gso:generate-simple-ooxml-alt(
  $content-types as node(),
  $rels as node(),
  $document as node(),
  $documentxmlrels as node(),
  $importedhtml as node(),
  $txt as node(),
  $docx as node() 
) as binary()
{
  let $manifest := &lt;parts xmlns="xdmp:zip"&gt; 
                                  &lt;part&gt;[Content_Types].xml&lt;/part&gt;
                                  &lt;part&gt;_rels/.rels&lt;/part&gt; 
                                  &lt;part&gt;word/document.xml&lt;/part&gt; 
                                  &lt;part&gt;word/_rels/document.xml.rels&lt;/part&gt; 
                                  &lt;part&gt;word/import.htm&lt;/part&gt; 
                                  &lt;part&gt;word/import.txt&lt;/part&gt; 
                                  &lt;part&gt;word/import.docx&lt;/part&gt; 
                           &lt;/parts&gt;
  let $parts := ($content-types, $rels, $document, $documentxmlrels, $importedhtml, $txt, $docx)
  return 
    xdmp:zip-create($manifest, $parts)
};

let $content-types :=
  &lt;Types xmlns="http://schemas.openxmlformats.org/package/2006/content-types"&gt;
    &lt;Default Extension="rels" ContentType="application/vnd.openxmlformats-package.relationships+xml"/&gt;
	&lt;Default Extension="xml" ContentType="application/xml" /&gt;
	&lt;Override PartName="/word/document.xml" ContentType="application/vnd.openxmlformats-officedocument.wordprocessingml.document.main+xml" /&gt;
        &lt;Default Extension="htm" ContentType="application/xhtml+xml"/&gt;
        &lt;Default Extension="txt" ContentType="text/plain"/&gt;
        &lt;Default Extension="docx" ContentType="application/vnd.openxmlformats-officedocument.wordprocessingml.document.main+xml"/&gt;
  &lt;/Types&gt;

let $rels :=
  &lt;Relationships xmlns="http://schemas.openxmlformats.org/package/2006/relationships"&gt;
    &lt;Relationship Id="rId1" Type="http://schemas.openxmlformats.org/officeDocument/2006/relationships/officeDocument" Target="word/document.xml"/&gt;
  &lt;/Relationships&gt;

let $document :=
  &lt;w:document xmlns:w="http://schemas.openxmlformats.org/wordprocessingml/2006/main"  xmlns:r="http://schemas.openxmlformats.org/officeDocument/2006/relationships"&gt;
   &lt;w:body&gt;
       &lt;w:altChunk r:id="altChunk1" /&gt; 
       &lt;w:altChunk r:id="altChunk2" /&gt; 
       &lt;w:altChunk r:id="altChunk3" /&gt; 
       &lt;w:p&gt;&lt;w:r&gt;&lt;w:t&gt;Coolest document ever!&lt;/w:t&gt;&lt;/w:r&gt;&lt;/w:p&gt;
   &lt;/w:body&gt;
  &lt;/w:document&gt;

let $documentxmlrels := &lt;Relationships xmlns="http://schemas.openxmlformats.org/package/2006/relationships"&gt;&lt;Relationship Id="altChunk1" TargetMode="Internal" Type="http://schemas.openxmlformats.org/officeDocument/2006/relationships/aFChunk" Target="import.htm" /&gt;&lt;Relationship Id="altChunk2" TargetMode="Internal" Type="http://schemas.openxmlformats.org/officeDocument/2006/relationships/aFChunk" Target="import.txt" /&gt;&lt;Relationship Id="altChunk3" TargetMode="Internal" Type="http://schemas.openxmlformats.org/officeDocument/2006/relationships/aFChunk" Target="import.docx" /&gt;&lt;/Relationships&gt;

let $docx :=  fn:doc("/import.docx") 

let $txt :=  xdmp:document-get("C:\import.txt")

let $html := &lt;html&gt;&lt;body&gt;
              &lt;h1&gt;Mark Logic&lt;/h1&gt;{
xdmp:tidy(
xdmp:http-get("http://en.wikipedia.org/wiki/Mark_Logic",&lt;options xmlns="xdmp:document-get"&gt;
    &lt;repair&gt;full&lt;/repair&gt;
  &lt;/options&gt;)//*:div[@id="bodyContent"]//*:p[1]
          )[2]}
&lt;/body&gt;&lt;/html&gt;
                 
let $package := gso:generate-simple-ooxml-alt($content-types, $rels, $document,$documentxmlrels, $html,$txt/text(), $docx)
let $filename :=  "hello-world.docx"
let $disposition := concat("attachment; filename=""",$filename,"""")
let $x := xdmp:add-response-header("Content-Disposition", $disposition)
let $x:= xdmp:set-response-content-type("application/vnd.openxmlformats-officedocument.wordprocessingml.document")
 return
    $package


</pre>
 
<p><i>For those that learn by doing and/or want to jump right in: just cut and paste the code above into a file named generate-docx.xqy. Place that file under /Docs in your MarkLogic server.  You'll also need to save a .docx file to the Server named <a href="/media/import.docx">import.docx</a>, and a text file to your filesystem named <a href="/media/import.txt">import.txt</a>. You can edit file names and paths in the code to generate a .docx with your own content.  Assuming you have Word installed, you can open generate-docx.xqy from your favorite browser (example:  http://localhost:8000/generate-docx.xqy), and the document we've created will open directly into Word.  </i></p>
<p>Examining the code above, we notice we've added 3 &lt;w:altChunk&gt; elements to our document.xml.  The ids for these pieces are identified by @r:id and can be referenced in the Relationship Ids of $documentxmlrels.  We've also added the necessary format types to $content-types. </p>

<p>The first &lt;w:altChunk&gt; element references an HTML page.  We create the page in the .xqy  using <a href="/pubs/4.0/apidocs/Extension.html#xdmp:http-get">xdmp:http-get()</a> to fetch a paragraph off the wikipedia entry for <a href="http://en.wikipedia.org/wiki/Mark_logic">Mark Logic</a>.  So we grab a page right off the web for use in our document.  Very powerful stuff!  We've seen use of this function <a href="http://developer.marklogic.com/columns/smallchanges/2007-12-04.xqy">before when we worked with Excel.</a>  Matt Turner also provides a <a href="http://xquery.typepad.com/xquery/tutorial/index.html">great tutorial</a> on how to use this function with <a href="/pubs/4.0/apidocs/Document-Conversion.html#xdmp:tidy">xdmp:tidy().</a></p>
<p>The second &lt;w:altChunk&gt; element references a text document we have on our filesystem.  We grab the file using <a href="/pubs/4.0/apidocs/Extension.html#xdmp:document-get">xdmp:document-get()</a>.</p>
<p>The final &lt;w:altChunk&gt; element references a .docx we have in our MarkLogic Server. A simple <a href="/pubs/4.0/apidocs/SequenceBuiltins.html#fn:doc">fn:doc()</a> returns the binary package to us.</p>
<p>Finally, we zip up all our pieces with a call to gso:generate-simple-ooxml-alt.  This function uses <a href="/pubs/4.0/apidocs/Document-Conversion.html#xdmp:zip-create">xdmp:zip-create()</a> to zip up the parts for us and return our binary package.  And just like that, we've created the following Word document:</p>

<img src="/media/2009-01-22.bmp"/>

<p></p><h3>Examining the .docx Contents</h3> 
<p>Save the .docx we just created and unzip somewhere.  Now take a look at the contents.  Guess what?  There's no HTML page, no Text file, and no .docx in the new package.  Why's that?  &lt;w:altChunk&gt; is meant for <b>import only</b>.  It facilitates a one time conversion by Word. Whatever documents are imported will be transformed into the WordprocessingML for a single .docx package.  All imported files are saved as &lt;w:p&gt; elements within document.xml. Go ahead and take a look.  The plus side is that Word has done the transformation for us.  We can now save our new document back to MarkLogic, and have all those tasty &lt;w:p&gt;s available for immediate search and repurposing in other documents.  And the cycle continues!!</p>
<p></p><h3>Conclusion</h3>
<p>MarkLogic Server provides simple and powerful mechanisms for grabbing content from locations besides just the Server.  We can use XQuery and MarkLogic built-ins to dynamically create new documents from repurposed content we find in the Server, on the filesystem, and on the web.  Microsoft Word provides a ubiquitous and familiar interface for users who need to interact with the documents we create.  The &lt;w:altChunk&gt; element provides a simple and effective mechanism for importing content of different format types into a .docx package. Imported content is transformed by Word when it consumes the XML within the .docx package into &lt;w:p&gt; elements within the document.xml. Used together, MarkLogic Server and Microsoft Word provide impressive tools and opportunities for content authoring! </p> 

<p>Until next time, Cheers!</p>
<p>As always, If you have any questions,
comments, or suggestions for these posts, please let us know on the <a href="/discuss/">general discussion mailing list.</a></p>

<p>
For those who want to know more about MarkLogic Server and Office 2007, please see the following posts:
</p>

<p>
</p><ol>
	<li><a href="/columns/smallchanges/2007-11-27">Office Logic (an intro to Office 2007 and the Open XML formats )</a></li>
	<li><a href="/columns/smallchanges/2007-12-04">Excel-ing with XQuery</a></li>
	<li><a href="/columns/smallchanges/2007-12-11">Getting OOXML into MarkLogic</a></li>
	<li><a href="/columns/smallchanges/2007-12-18">Running  (a.k.a. &lt;w:r&gt;-ing) with Word </a></li>
	<li><a href="/columns/smallchanges/2008-01-08">Enriching Word Documents with &lt;w:customXml&gt; </a></li>
	<li><a href="/columns/smallchanges/2008-01-22">A Final Word </a></li>
	<li><a href="/columns/smallchanges/2009-01-08">XQuery, Office 2007, and the Open Packaging Convention</a></li>
      </ol>


<p></p>
<!-- @EndEditable -->

</div><!-- body -->
</ml:body></ml:Post>