<?xml version="1.0" encoding="UTF-8"?><ml:Post status="Published" xmlns:ml="http://developer.marklogic.com/site/internal" xmlns="http://www.w3.org/1999/xhtml">
  <ml:title>slideTunes is iTunes for PowerPoint presentations</ml:title>
  <ml:author>Pete Aven</ml:author>
  <ml:created>2009-12-08T12:00:00</ml:created>
  <ml:last-updated>2009-12-08T12:00:00</ml:last-updated>
  <ml:last-updated/>
  <ml:tags>
    <ml:tag>Office 2007</ml:tag>
  </ml:tags>
  <ml:body>
<div id="body">
<!-- @BeginEditable id="body" -->
          <h3>An example of an application you can build using the MarkLogic Toolkit for PowerPoint</h3>
        <p style="font-size:100%">
        Categories: Office 2007<br/>
        Altitude:  10,000 feet
        </p>
<p>Twice a year all the Mark Logicians get together and participate in a Demo Jam! organized by our own <a href="http://xquery.typepad.com/xquery/xquery_tricks/">Matt Turner</a>. During the jam we're all encouraged to share applications we've built and we have to demo it in under 3 minutes.  We get to compete for bragging rights with our colleagues and we get to see a lot of super cool applications.    </p>
<p>Sharing our applications in this way helps us to brainstorm all sorts of new and innovative ways of using <a href="/download">MarkLogic Server</a>. Here on the developer site we have <a href="/learn/tutorials">tutorials and code samples</a>, but we thought it would be great to share some of the Demo Jam love with you in in the form of some screencasts.</p>
<p>Today's demo features an application built using the <a href="/code/marklogic-toolkit-for-powerpoint">MarkLogic Toolkit for PowerPoint</a> that enables users to search and reuse existing slides in new presentations.</p>
   
<p></p>
<!-- JEM remove h and w from object, changed h and w on embed to fit new DMC site sizing -->
<object>
	<param name="movie" value="http://www.youtube.com/v/h5cvWXlM9I4&amp;hl=en_US&amp;fs=1&amp;hd=1" valuetype="data"/>
	<param name="allowFullScreen" value="true" valuetype="data"/><param name="allowscriptaccess" value="always" valuetype="data"/>
	<embed src="http://www.youtube.com/v/h5cvWXlM9I4&amp;hl=en_US&amp;fs=1&amp;hd=1" type="application/x-shockwave-flash" allowscriptaccess="always" allowfullscreen="true" width="500" height="412"></embed></object>
<!--<p>You can view a larger version of the demo <a href="http://www.screencast.com/t/YTMzYTg5N2E">HERE.</a></p>-->
<p></p><p>The demo is best viewed full screen and in HD.</p>
<p></p><h3>MarkLogic Toolkit for PowerPoint</h3>
<p>If you're interested in building your own slideTunes, take a look at the XQuery API that comes with the Toolkit.  There are only 5 functions, but they do a lot of heavy lifting for you.  The Toolkit also comes with API documentation that details how to merge existing decks as well as how to create new presentations from existing slides using the ppt:insert-slide() function.</p>


<p>Until next time, Cheers!</p>
<p>And as always, If you have any questions,
comments, or suggestions for these posts, please let us know on the <a href="/discuss/">general discussion mailing list.</a></p>


<p></p>
<!-- @EndEditable -->

</div><!-- body -->
</ml:body></ml:Post>