<?xml version="1.0" encoding="UTF-8"?><page xmlns="http://developer.marklogic.com/site/internal" xmlns:x="http://www.w3.org/1999/xhtml">

  <product-info name="XCC for MarkLogic - Release 4.1">
    <platform name="Java">
      <download href="/download/binaries/MarkXCC.Java-4.1-5.zip" size="2.1MB" date="2009-07-24">XCC Java distibution (includes javadoc)</download>
    </platform>
    <platform name=".NET">
      <download href="/download/binaries/MarkXCC.NET-4.1-5.zip" size="6.5MB" date="2009-07-24">XCC .NET distirbution (includes API docs)</download>
    </platform>
  </product-info>

  <product-documentation>
    <doc source="/learn/xcc-javadoc.xml"/>
    <doc source="/learn/xcc-dotnet.xml"/>
    <doc source="/learn/xcc-dev-guide.xml"/>
  </product-documentation>


</page>