<?xml version="1.0" encoding="UTF-8"?><page xmlns="http://developer.marklogic.com/site/internal" xmlns:x="http://www.w3.org/1999/xhtml">

  <product-info name="MarkLogic Server – Release 4.1" license-page="/licensing">
    <platform name="Microsoft Windows (Server, XP, and Vista)">
      <download href="..." size="45MB" date="2009-07-24">Microsoft Windows x64 64-bit Install Bundle</download>
      <download href="..." size="45MB" date="2009-07-24">Microsoft Windows x86 32-bit Install Bundle</download>
    </platform>
    <platform name="Red Hat Linux 4 &amp; 5">
      <download href="..." size="45MB" date="2009-07-24">Red Hat Enterprise Linux 5,4 x64 64-bit Package</download>
      <download href="..." size="45MB" date="2009-07-24">Red Hat Enterprise Linux 5,4 x64 32-bit Package</download>
    </platform>
    <platform name="Sun Solaris">
      <download href="..." size="45MB" date="2009-07-24">Microsoft Windows x64 64-bit Install Bundle</download>
      <download href="..." size="45MB" date="2009-07-24">Microsoft Windows x86 32-bit Install Bundle</download>
    </platform>
  </product-info>

  <product-documentation>
    <doc source="/learn/4.1/rel-notes.xml"/>
    <doc source="/learn/4.1/getting-started-guide.xml"/>
    <doc source="/learn/4.1/server-all-zip.xml"/>
    <doc source="/learn/4.1/admin-guide.xml"/>
    <doc source="/learn/4.1/api-reference.xml"/>
    <doc source="/learn/4.1/app-developer-guide.xml"/>
    <doc source="/learn/4.1/application-builder-guide.xml"/>
    <doc source="/learn/4.1/search-dev-guide.xml"/>
    <doc source="/learn/4.1/install-guide.xml"/>
    <doc source="/learn/4.1/cluster.xml"/>
    <doc source="/learn/4.1/cpf.xml"/>
    <doc source="/learn/4.1/security.xml"/>
    <doc source="/learn/4.1/xquery-reference-guide.xml"/>
    <doc source="/learn/4.1/xcc-dev-guide.xml"/>
  </product-documentation>

</page>
