<?xml version="1.0" encoding="UTF-8"?><page xmlns="http://developer.marklogic.com/site/internal" xmlns:x="http://www.w3.org/1999/xhtml">

  <product-info name="MarkLogic Server - Older releases" license-page="/licensing">
    <platform name="Microsoft Windows (Server, XP, and Vista)">
      <download href="..." size="45MB" date="2009-07-24">Microsoft Windows x64 64-bit Install Bundle</download>
      <download href="..." size="45MB" date="2009-07-24">Microsoft Windows x86 32-bit Install Bundle</download>
    </platform>
    <platform name="Red Hat Linux 4 &amp; 5">
      <download href="..." size="45MB" date="2009-07-24">Red Hat Enterprise Linux 5,4 x64 64-bit Package</download>
      <download href="..." size="45MB" date="2009-07-24">Red Hat Enterprise Linux 5,4 x64 32-bit Package</download>
    </platform>
    <platform name="Sun Solaris">
      <download href="..." size="45MB" date="2009-07-24">Microsoft Windows x64 64-bit Install Bundle</download>
      <download href="..." size="45MB" date="2009-07-24">Microsoft Windows x86 32-bit Install Bundle</download>
    </platform>
  </product-info>

  <product-documentation>
    <doc source="/learn/server40-all-zip.xml"/>
    <doc source="/learn/rel-notes.xml"/>
  </product-documentation>

  <top-threads/>

</page>
