<?xml version="1.0" encoding="UTF-8"?><ml:page xmlns:ml="http://developer.marklogic.com/site/internal" xmlns="http://www.w3.org/1999/xhtml">

  <h1>Code</h1>

    <p>This is the home for collaborative, open-source MarkLogic and MarkLogic-related projects.  You'll see an index
    of them over on the right-hand side of this page.
    Many of the projects have repositories hosted at <a href="http://github.com/">Github</a>, the well known social-coding site.  There
    is a wealth of help on <a href="http://git-scm.com/">git</a> available.

    <ml:tabbed-features>
        <ml:feature href="/features/narthex.xml"/>
        <ml:feature href="/features/active-document.xml"/>
        <ml:feature href="/features/rundmc.xml"/>
    </ml:tabbed-features>
  
    <p>
    <a href="/code/rundmc">RunDMC</a> (the application that runs this site), allows us to point to projects hosted externally, yet still 
    provide a hub for the projects as a group here.   We are happy to support and encourage future projects to choose the tools 
    that best help them get their job done.   If this means our pointing to other publicly available repositories, that's perfectly fine.  You'll
    see some of our projects hosted at <a href="http://codeplex.microsoft.com">Codeplex</a> or <a href="http://code.google.com/">Google code</a>.
    </p>
    <p>
    If you have questions about joining, starting, or hosting MarkLogic-related projects, please contact us over on the <a href="/discuss/">developer list</a>.
    </p>
</p></ml:page>