<?xml version="1.0" encoding="UTF-8"?><ml:page xmlns:ml="http://developer.marklogic.com/site/internal" xmlns="http://www.w3.org/1999/xhtml">

  <h1>Learn, share, discuss</h1>

  <ml:tabbed-features>
    <ml:feature href="/features/eclipse.xml"/>
    <ml:feature href="/features/active-document.xml"/>
    <ml:feature href="/features/rundmc.xml"/>
  </ml:tabbed-features>

  <!-- TODO: consider using a special element wrapper to abstract away from CSS class details -->
  <div class="announcement single">
    <p>Welcome to the MarkLogic Developer Community where you can find and share solutions, participate in discussions, and help build a community around the technology. 
        As a MarkLogic developer, whether new or experienced, you're already ahead of the curve. Let us know what we can do to help you put MarkLogic to work for you.
    </p>
  </div>

  <ml:recent-news-and-events suppress-more-links="yes"/>

  <ml:recent-article type="Tutorial" heading="Learn This!"/>

</ml:page>