<?xml version="1.0" encoding="UTF-8"?><ml:page xmlns:ml="http://developer.marklogic.com/site/internal" xmlns="http://www.w3.org/1999/xhtml">

  <h1>Learn</h1>
    <!-- <p class="more"><b><a title="Jump straight to the docs" class="stip" href="/docs">DOCS &gt;</a></b> </p> -->
    <p>Below is a listing of <i>all</i> online documentation and resources to help you
    learn all things MarkLogic.  In includes official <a href="/docs">MarkLogic Server Product Documentation</a> 
    as well as a series of tutorials and other helpful material.</p>
    <p>
    Just getting started? After downloading and installing the software, 
    take a walk through the <a href="/learn/technical-overview">Informal Introduction</a>.
    </p>
  <ml:document-list/>

</ml:page>