<?xml version="1.0" encoding="UTF-8"?><ml:page xmlns:ml="http://developer.marklogic.com/site/internal" xmlns="http://www.w3.org/1999/xhtml">

          <h1>MarkLogic Server License Options</h1>
          <p>You can download MarkLogic Server and be up and running immediately with one of the following Standard Edition license options</p>

<table id="license-matrix" style="font-size: 1.2em;"><tr>
      <th colspan="2"></th>
      <th>
			Trial License 
		</th>
      <th>
			Community License 
		</th>
      <th>
			Academic License 
		</th>
    </tr><tr>
      <th rowspan="5">
			Standard Edition 
		</th>
      <th class="attribute">
			License Duration 
		</th>
      <td>
			30 days 
		</td>
      <td>

			Unlimited 
		</td>
      <td>
			1 year 
		</td>
    </tr><tr>
      <th class="attribute">
			Maximum Content Size 
		</th>
      <td>

			40 GB 
		</td>
      <td>
			10 GB 
		</td>
      <td>
			40 GB 
		</td>
    </tr><tr>
      <th class="attribute">

			Processors 
		</th>
      <td colspan="3" style="text-align:center">
			2 CPUs 
		</td>
    </tr><tr>
      <th class="attribute">
			Optional Features 
			<p class="notes">
				Geospatial support, entity enrichment, and alerting
			</p></th>
      <td>
			All 
		</td>
      <td>
			None 
		</td>
      <td>
			All 
		</td>
    </tr><tr>
      <th class="attribute">
			Deployment Environment 
		</th>
      <td>
			Evaluation only 
		</td>
      <td>
			Personal non-commercial projects
		</td>
      <td>

			Teaching use only 
		</td>
    </tr><tr>
      <th>
			Enterprise Edition 
		</th>
      <th class="attribute"></th>
      <td colspan="3" style="text-align: center;"><a class="external" href="mailto:sales@marklogic.com" title="Contact a sales representative for more information about Enterprise licensing options">More information…</a></td>
    </tr></table>


<h2>Trial License</h2>
          <p> The Trial License allows you to evaluate MarkLogic Server Standard Edition for free for 30 days. A Trial License enables full access to optional features including, geospatial support, entity enrichment, and alerting, for the duration of the trial period.

The Trial License is limited to 40 gigabytes of content and can be run on a dual CPU server. The Trial License allows MarkLogic Server to be used for evaluation purposes only and not for production applications or the development of production applications. Support is provided informally through the developer network. </p>

          <h2>Community License</h2>
          <p>The Community License is available free of charge for personal non-commercial projects. It does not restrict you to a fixed trial period, but is limited to a single- or dual-CPU server and 10 gigabytes of content. Unlike the Trial License, the Community License does not include access to optional features, such as geospatial support, entity enrichment, and alerting. Use of MarkLogic Server under the Community License is restricted to two instances per organization. </p>

<h2>Academic License</h2>
          <p>The Academic License is available to students and instructors at educational institutions. It provides a convenient way to take advantage of MarkLogic Server for class projects or instruction. Like the Trial License, it includes geo-spatial support, entity enrichment, and alerting and is limited to 40 gigabytes of content. However, the Academic License is free for instructional use for up to a year. For more information or to request an Academic License, please contact <a href="mailto:community-requests@marklogic.com">MarkLogic</a>. </p>

<h2>Other License Options</h2>
          <p>If you have a special need which does not fall into one of the above categories please contact <a href="mailto:community-requests@marklogic.com">Mark Logic</a> for assistance and additional information. </p>


<!--
          <h3>third level headline</h3>
          <p>Aliquam metus est, bibendum ac euismod imperdiet, pellentesque ac felis. Proin sapien tortor, iaculis a dapibus id, congue vitae arcu! Cras auctor ligula vitae diam tempor in tempus nisi tempus. Aliquam ut sapien nec justo molestie egestas. Cras in nunc lorem? Aliquam erat volutpat. Phasellus at augue in dolor lacinia egestas condimentum ut erat. Phasellus nisi odio, suscipit nec vestibulum vitae, tristique at libero. Pellentesque eros augue, pretium sit amet placerat quis, faucibus vitae neque. Phasellus commodo, risus a adipiscing porttitor, est nunc tempus enim, ac imperdiet erat libero ac sem. Phasellus ac tortor a est auctor posuere? Nam congue, libero id volutpat iaculis; tellus neque lobortis libero, vel sagittis turpis augue sed nisi. Curabitur vulputate, tortor at accumsan malesuada, quam justo posuere risus, vitae rhoncus sem massa eu orci. Proin ultrices lorem mauris, et mattis leo?</p>
          <p>Praesent quis ante sapien, eget interdum eros. Pellentesque aliquam tempus odio, quis auctor erat fringilla quis. Integer bibendum ullamcorper libero, in gravida nulla vestibulum a. Vestibulum tempus, sem eu pretium rutrum, risus dolor consectetur elit, in imperdiet nisi libero sit amet mi. Etiam rhoncus neque eu lorem faucibus et elementum eros euismod! Quisque dui purus, gravida ac aliquam id, mollis eget libero. Curabitur semper nunc nec orci molestie viverra? Integer nisl diam, blandit eget lobortis non, sagittis ut sapien. Quisque sed sollicitudin lectus. Cum sociis natoque penatibus et magnis dis parturient montes, nascetur ridiculus mus.</p>
-->
        

</ml:page>