<?xml version="1.0" encoding="UTF-8"?><ml:page xmlns:ml="http://developer.marklogic.com/site/internal" xmlns="http://www.w3.org/1999/xhtml">

  <h1>Meet</h1>

  <p>MarkLogic User Groups are informal volunteer events for users to meet, discuss, and share best practices regionally. This is an easy way to meet peers and learn how to get more out of MarkLogic Server.</p>
  <!-- TODO: consider using a special element wrapper to abstract away from CSS class details -->
  <h2 class="main_headline">Participate in a MarkLogic User Group</h2>
  <p>User Group events are free and open to all users, regardless of company affiliation (i. e. expect that competitive companies will be participating together and respecting each others’ confidentiality). If you want to participate in a user group and there are none in your region, join the <a href="http://developer.marklogic.com/mailman/listinfo/usergroups">general user groups mailing list</a> or <a href="mailto:usergroups@marklogic.com">contact us</a>.</p>

  <ml:upcoming-user-group-events/>

  <ml:top-threads>
    <ml:list>com.marklogic.developer.usergroups</ml:list>
    <ml:list>com.marklogic.developer.denmark</ml:list>
    <ml:list>com.marklogic.developer.mark-ups</ml:list>
    <ml:list>com.marklogic.developer.novamug</ml:list>
    <ml:list>com.marklogic.developer.nymug</ml:list>
    <ml:list>com.marklogic.developer.bmug</ml:list>
    <ml:list>com.marklogic.developer.mugfr</ml:list>
  </ml:top-threads>

</ml:page>