<?xml version="1.0" encoding="UTF-8"?><ml:Event user-group="denmark" xmlns:ml="http://developer.marklogic.com/site/internal" xmlns="http://www.w3.org/1999/xhtml">
  <ml:title>Denver Mark Logic User Group (DenMARK)</ml:title>
  <ml:description><p><ml:teaser>The first instance of the Mark Logic user group in Denver will take place on October 12, 2009 at 7pm. The main speaker will be Clark Richey, Mark Logic Community Champion who will talk about MarkLogic Application Services.</ml:teaser></p></ml:description>
  <ml:details>
    <ml:date>2010-10-12</ml:date>
    <ml:time>7pm</ml:time>
    <ml:location>Auraria Campus</ml:location>
    <ml:topic>MarkLogic Application Services</ml:topic>
    <ml:presenter>Clark Richey</ml:presenter>
  </ml:details>
</ml:Event>
