<?xml version="1.0" encoding="UTF-8"?><ml:Event user-group="markups" xmlns:ml="http://developer.marklogic.com/site/internal" xmlns="http://www.w3.org/1999/xhtml">
  <ml:title>Maryland Mark Logic User Group (MarkUPS)</ml:title>
  <ml:description><p><ml:teaser>The first instance of the Mark Logic user group in Denver will take place on October 12, 2009 at 7pm. The main speaker will be Clark Richey, Mark Logic Community Champion who will talk about MarkLogic Application Services.</ml:teaser></p></ml:description>
  <ml:details>
    <ml:date>2009-09-23</ml:date>
    <ml:time>5:30pm</ml:time>
    <ml:location>131 National Business Parkway</ml:location>
    <ml:topic>MarkLogic Server and Semantics</ml:topic>
    <ml:presenter>Gary Katz</ml:presenter>
  </ml:details>
</ml:Event>
