<?xml version="1.0" encoding="UTF-8"?><ml:Post status="Published" xmlns:ml="http://developer.marklogic.com/site/internal" xmlns="http://www.w3.org/1999/xhtml">
  <ml:title>A Final "Word"</ml:title>
  <ml:author>Pete Aven</ml:author>
  <ml:created>2009-10-27T00:00:00</ml:created>
  <ml:last-updated>2009-10-27T00:00:00</ml:last-updated>
  <ml:tags>
    <ml:tag>Office 2007</ml:tag>
    <ml:tag>XQuery</ml:tag>
  </ml:tags>
  <ml:body>
            <p>Today we look at another way of enriching Word documents in Office 2007. From a user perspective, we’ll be looking at Content Controls. From the developer perspective, we’ll be discussing the “structured document tag” a. k. a.: <code>&lt;w:sdt&gt;</code>. A user of Word will have no insight into what that tag is or what it means, and they don’t have to. Users can modify their Word documents using Content Controls and whenever they add a Content Control to a document, a <code>&lt;w:sdt&gt;</code> node will be created within the document.xml inside the .docx package. Now, the document we can create by default in Word and the one we can create using XQuery leveraging the <code>&lt;w:sdt&gt;</code> tags will differ greatly. Using XQuery and MarkLogic Server to create and update our Word documents using <code>&lt;w:sdt&gt;</code> reveals many very exciting opportunities available to us, so let’s get started. </p>

            <p>This is the final post (for now) of our series on Office 2007 and MarkLogic Server. We do hope you’ve enjoyed it and that it’s been useful to you. As a reward for your faithful viewing, we were going to make all the previous entries available in a limited collector’s edition DVD set, but then thought: “What the heck?! Let’s just reference them all below for everyone’s convenience.” So here you go:</p>
            <ul>
      <li>Office Logic (an intro to Office 2007 and the Open XML formats)</li>
      <li>Excel-ing with XQuery</li>
      <li>Getting OOXML into MarkLogic</li>
      <li>Running (a. k. a. <code>&lt;w:r&gt;</code>-ing) with Word</li>
    </ul>

  </ml:body>
</ml:Post>
