<?xml version="1.0" encoding="UTF-8"?><ml:Article type="Tutorial" xmlns:ml="http://developer.marklogic.com/site/internal" xmlns="http://www.w3.org/1999/xhtml">
  <ml:title>Serving Images with MarkLogic Server</ml:title>
  <ml:author>Frank Rubino, Paul Rooney, Andy Agrawal and Danny Sokolsky</ml:author>

  <ml:created>2009-07-01</ml:created><!-- FIXME: when? -->
  <ml:last-updated>2009-07-01</ml:last-updated>

  <ml:topics>
  </ml:topics>

  <!-- if empty or absent, will use the first paragraph -->
  <ml:abstract/>

  <ml:body>
<h2>Summary</h2>
<p>In this note we are going to show you how to use XQuery to serve an image from a Mark Logic database http server.</p>
<p>For more information about http Servers, you should read the
<a href="http://developer.marklogic.com/pubs/">Administrator's Guide</a>.
</p>
<hr/>
<h2>Waiting for an image</h2>
<p>
We had loaded a jpeg into my MarkLogic database and wanted to display it using XQuery. "So,"we thought,
"why not just compute a uri to the jpeg and then stick it in an image tag?" We wrote:</p>

<div class="code-block"><pre class="nested-code-block">
 &lt;html&gt;
    &lt;body&gt;
       &lt;img src="{{$img_uri}}"/&gt;
    &lt;/body&gt;
 &lt;/html&gt;
</pre></div>

<p>
Our database was served by an http app server and set to find modules in the file system,
so we saved our code into our app server's root and prepared to run it.
(Remember this for later. This turns out to be key. We had set up the app server root,
by the way, in the admin page for our http server.)</p>
<p>
Excited to see our image (a portrait of the author Samuel Beckett), we invoked our
XQuery program and.... all we got was a cracked picture icon. Our uri, we confirmed, looked like
'/beckett.jpg'. "This doesn't make sense," we thought. "These things are usually busted path problems."
We typed '/beckett.jpg' into cq, as the parameter to exists.</p>
<p>"Hmm," we said. "
<code>exists('/beckett.jpg')</code> is true. Why no picture of the world's greatest writer?"
</p>
<h2>
One Way to Make it Work
</h2>
<p>As it turned out, while MarkLogic Server knew about our author's mug, our browser would not,
and could not, resolve a uri that looked to it like
  <a href="http://localhost:8001/beckett.jpg">http://localhost:8001/beckett.jpg</a>.
</p>
<p>In a minute, we'll explain why, but perhaps you can beat us to the punch if you learn that the solution
to seeing Samuel Beckett was to have the browser point instead to an XQuery module that could access the data.</p>
<p>
Our HTML would have to change. It was supposed to look more like:</p>
<div class="code-block"><pre class="nested-code-block">
&lt;img src="get-db-file.xqy?uri={{$img_uri}}"/&gt;
</pre></div>
<p>

So what's this get-db-file.xqy?</p>
<p>
It's a very simple XQuery main module that grabs the "uri" request field and returns the resource
from the database with the appropriate mime-type. Here are its entire contents:
</p>
<div class="code-block"><pre class="nested-code-block">
let $uri := xdmp:get-request-field("uri","")

return
  if (ends-with($uri,".jpg"))
  then (
    xdmp:set-response-content-type("image/jpeg"),
    fn:doc($uri)
  )
</pre></div>

<p>
That's it, in its most terse form. If you want to get gifs sometimes too, you could add:</p>

<div class="code-block"><pre class="nested-code-block">
else if (ends-with($uri,".gif"))
then (
  xdmp:set-response-content-type("image/gif"),
  fn:doc($uri)
)
</pre></div>

<p>And so on.</p>
<h2>
Why It Works
</h2>
<p>
Why is this necessary? The HTTP server is supposed be able to access the content in the database
via an XQuery program, and we thought we created that HTML with our XQuery program!</p>
<p>Let's look at what happens.
<code>{{$uri}}</code>gets turned into its value, '/beckett.jpg' by the XQuery evaluator on the server.
</p>
<p>
The browser sees the evaluated expression and tries to resolve it in terms of the HTTP app server's root.</p>
<p>"Okey dokey," it says to the server, "just grab '/beckett.jpg' from the root directory on your file system!"</p>
<p>

But wait a minute. Sam's not in the file system, is he? He's in the database; We're trying to get him from the database.</p>
<p>
But because our XQuery is running in the file system (remember, we said to take note of this above),
the app server root is also in the file system. So the only way to get our picture is to put another
XQuery module in the database that can access it. Specifically, get-db-file.xqy.</p>
<p>You don't even need to do this much however if you store your code in the database.
Here's a scenario where
<code>
&lt;img src="{{$img_uri}}"/&gt;</code>is in an XQuery module in the database, and invoking it produces
the author of 'Waiting For Godot'. For the purposes of this illustration, several conditions apply:
</p>
<ul style="padding-left:35">
      <li>
  $img_uri resolves to '/beckett.jpg'.
</li>
      <li>/ is the app server root.</li>
      <li>The Modules database is the same as the Content database.</li>
    </ul>
<p>To give this idea a whirl, create up an http server, let's say at port 8002,
and set its database to a new database, molloy.</p>
<p>

Then set 8002's Modules database to molloy. Fire up cq and point it to
molloy with the Content-Source dropdown. Type:
</p>

<div class="code-block"><pre class="nested-code-block">

xdmp:document-load('/beckett.jpg')
;
(:notice the ; above--makes a separate transaction :)
xdmp:document-insert('/beckett.html', text {{ '&lt;img xmlns=
  "http://www.w3.org/1999/xhtml" src="beckett.jpg"/&gt;' }});
</pre></div>

<p>Then go to
  <a href="http://localhost:8002/beckett.html">http://localhost:8002/beckett.html</a>.
</p>
<p>
Why are we finally done waiting for our author? In this case, since the code is in the database,
the database is the app server root. So the uri in the code, beckett.jpg',
is resolved relative to the database, not the file system.
</p>

<h2>URL Rewriting</h2>

<p>
Starting with version 4.1, MarkLogic Server supports URL rewriting--the ability to use a clean,
intuitive and easy to remember URL instead of an internal URL like "get-db-file.xqy?uri={{$img_uri}}".
</p>

<p>
To accomplish this, first set up a URL rewriter for your App Server. Go to the App Server
configuration page in the Admin Interface and scroll down to the text box that says
"URL rewriter". Let’s set its value to "url-rewriter.xqy". What happens now is that every URL
that is requested from this App Server will first go to url-rewriter.xqy and get rewritten
under the covers. This lets you use a clean and user-friendly URL. What this means is that our
HTML can be changed back to what we started with:
</p>

<pre>
&lt;img src="{{$img_uri}}"/&gt;
</pre>

<p>
Now all you have to do is to create your URL rewriter script and store it on the file system
under the file url-rewriter.xqy:
</p>

<pre>
define function local:is-image($uri as xs:string)
as xs:boolean 
{{
fn:ends-with($uri, ".jpg") or fn:ends-with($uri, ".gif")
}};

let $uri := xdmp:get-request-url()
return
if (local:is-image($uri)) 
then fn:concat("get-db-file.xqy?uri=", $uri)
else $uri
</pre>

<p>
All this does is to check the URL and check if it has an image extension, in which case it
uses the get-db-file script we created earlier. Otherwise, it proceeds as before.
This keeps the HTML simple and intuitive and hides all the ugly URL manipulation from the user.
The function to check for the image type (local:is-image) could be moved into a library module
that could be shared by both the URL rewriter and the get-db-file script for maximum code re-use.
That’s it, you’re done!
</p>
  </ml:body>
</ml:Article>
