<?xml version="1.0" encoding="UTF-8"?><ml:Article type="Tutorial" xmlns:ml="http://developer.marklogic.com/site/internal" xmlns="http://www.w3.org/1999/xhtml">
  <ml:title>5-minute Guide to the Search API</ml:title>
  <ml:author>Colleen Whiteney</ml:author>
    <!-- FIXME one pre block to wide -->
    <!-- FIXME img srcs below -->
    <!-- FIXME references to 4.1? -->
    <!-- FIXME to setup.zip -->

  <ml:created>2009-07-06</ml:created>
  <ml:last-updated>2009-07-06</ml:last-updated>

  <ml:topics>
    <ml:topic>Search API</ml:topic>
  </ml:topics>

  <!-- if empty or absent, will use the first paragraph -->
  <ml:abstract/>

  <ml:body>
<p>This guide will take you through the basics of the Search API, which <b>makes it easy to do flexible Google-style searches</b>. The Search API consists of fewer than a dozen functions.  These functions act as a buffer between busy developers with jobs to do, and a granular, powerful, and complex set of underlying APIs for building search applications.  In this series, you'll learn what what it does, and why.  

</p>
<p>You'll need a final release of MarkLogic Server 4.1 and a way to easily run some code.  An ad-hoc query tool like CQ works great. See the <a href="technical-overview.xqy">technical overview</a> for quick setup instructions for CQ.
</p>
<h3> Data setup</h3>
<p>The Search API only covers searching content, not putting it in place or setting up a database. So for this walkthrough, you'll need to do some setup by hand.
</p>
<p>Using the web administration tools:
</p>
<ul>
      <li>Create a new forest</li>
      <li>Create a new database  (Our loading script assumes that you've named the database "barbecue")</li>
      <li>Attach the forest to the database</li>
      <li>Set up an HTTP server. Make the root point to the directory where you will be placing your code, and set the database to your new database.</li>
    </ul>
<p>Then populate the database with some sample data, using this <a class="download" href="2009-07-search-api-walkthrough_files/setup.zip">script</a>.  You can cut/paste and run it from CQ (make sure the content-source drop-down is pointing to your new database), or save and run it as a module from your App Server root.</p>
<p>You are, of course, encouraged to play with all kinds of data using the Search API, but for the purposes of this walkthrough, we'll be working with documents that look like this:
</p>
<pre>
 &lt;entry xmlns="http://example.com"
        date="2007-10-31T14:17:42.125-07:00"&gt;
   &lt;title&gt;Sally's Southern BBQ&lt;/title&gt;

   &lt;abstract&gt;A classic southern recipe&lt;/abstract&gt;
   &lt;flavor-descriptor&gt;cayanne&lt;/flavor-descriptor&gt;
   &lt;flavor-descriptor&gt;molasses&lt;/flavor-descriptor&gt;
   &lt;flavor-descriptor&gt;smoky&lt;/flavor-descriptor&gt;

   &lt;scoville&gt;800&lt;/scoville&gt;
   &lt;rating&gt;3.0&lt;/rating&gt;
 &lt;/entry&gt;
</pre>
<h3> Out of the box</h3>

<p>Try a simple query:
</p>
<pre>
xquery version "1.0-ml";
import module namespace
  search = "http://marklogic.com/appservices/search"
  at "/MarkLogic/appservices/search/search.xqy";

search:search("BBQ smoky")
</pre>
<p>  Note: the XQuery prolog and module import as seen here are always required, but will only be shown once in the examples for readability.
</p>

<p>The two terms are implicitly ANDed together. You could just the same have used the built-in AND operator:
</p>
<pre>
search:search("BBQ AND smoky")
</pre>
<p>Out of the box, search:search() parses the search string, understanding "Google-style" grammar including AND, OR, quote marks for exact phrases, a minus sign for negation, and parentheses for grouping, allowing complex queries like [(hot OR spicy) AND "southern style" -pepper].
</p>
<p>The prior query returns search results in a convenient format, like this:
</p>

<pre style="overflow:auto">
&lt;response total="1" start="1" page-length="10"
    xmlns:search="http://marklogic.com/appservices/search"&gt;
  &lt;result index="1" uri="http://bbqdocs/entry1"
      path="doc(&amp;quot;http://bbqdocs/entry1&amp;quot;)"
      score="124" confidence="0.520534" fitness="0.666994"&gt;
    &lt;snippet&gt;
      &lt;match path="doc('http://bbqdocs/entry1')/*:entry/*:title"&gt;Sally's Southern &lt;highlight&gt;BBQ&lt;/highlight&gt;&lt;/match&gt;
      &lt;match path="doc('http://bbqdocs/entry1')/*:entry/*:flavor-descriptor[3]"&gt;&lt;highlight&gt;smoky&lt;/highlight&gt;&lt;/match&gt;

    &lt;/snippet&gt;
  &lt;/result&gt;
  &lt;qtext&gt;smoky BBQ&lt;/search:qtext&gt;
  &lt;metrics&gt;
    &lt;query-resolution-time&gt;PT0.004577S&lt;/query-resolution-time&gt;

    &lt;facet-resolution-time&gt;PT0.000059S&lt;/facet-resolution-time&gt;
    &lt;snippet-resolution-time&gt;PT0.001947S&lt;/snippet-resolution-time&gt;
    &lt;total-time&gt;PT0.006831S&lt;/total-time&gt;
  &lt;/metrics&gt;

&lt;/search:response&gt;
</pre>
<p>The parsed query runs a query against the entire database, and returns an XML response element with key information necessary for a typical search application. 
</p>
<ul>
      <li>@total and @start on the root element give the estimated total number of hits, and the starting offset for these results, to support pagination.
</li>
      <li>Each returned hit has a result index. Each hit contains useful information like @uri, @path, @score, @confidence, and @fitness. Path values are in a format suitable for calling xdmp:unpath.
</li>
      <li>A snippet element for each result, summarizing the matching portion(s) of the document.
</li>
      <li>The original query text.
</li>
      <li>Useful metrics for how long various stages of evaluation took to complete.
</li>
    </ul><h3> Using Options for Customization</h3>
<p>That simple search:search() call is pretty powerful.  The server responds with a list of the most relevant documents in the database containing the terms "BBQ" and "smoky", in a format that's easy for a search application to transform and use on a results page.

</p>
<p>But MarkLogic server...and your information...are capable of doing much more.  What if you specifically want to find a document describing a recipe with "BBQ" in the title and a "smoky" flavor, and you don't want it to be too mild or too hot?  What if you want to restrict the query to a particular collection or directory within the database?  What if you want the results sorted in some other way?
</p>
<p>To accommodate the need for more specific and powerful queries on structured content, and for customization of the results that come back, most of the functions in the Search API accept an &lt;options&gt; node.  These options offer developers very fine-grained control over over how searches are parsed and evaluated, and how the results are returned.  
</p>
<h2> A Few Key Options</h2>

<p>In this part of the walkthrough, we'll highlight a few key options, and how they work.  By default, responses consist of just a few elements (result, facet, qtext and metrics). Each of these can be independently turned on or off with a boolean option:
</p>
<ul>
      <li>return-results
</li>
      <li>return-facets
</li>
      <li>return-qtext
</li>
      <li>return-metrics (returns performance timings on various parts of query parsing and resolution)
</li>
    </ul><p>A few other potentially useful features are turned off by default, but can be easily turned on with similar boolean options:
</p>
<ul>
      <li>debug (to see additional information useful in a debugging context)
</li>
      <li>return-query (returns the XML representation of the parsed query)
</li>
      <li>return-constraints (returns the original constraints used to define the query)
</li>
      <li>return-similar (return similar documents to a given result)
</li>
    </ul><p>Other useful options include:
</p>
<ul>
      <li>page-length (unsignedInt)
</li>
      <li>searchable-expression (a string like "//p" used on the left-hand-side of the cts:search() call), by default "fn:collection()".

</li>
      <li>sort-order (XML)
</li>
      <li>search-option a string options to pass into cts:search(); multiple search-option elements are allowed, each with one string option.
</li>
    </ul><p>Most of the options we've listed here are simple to use and understand. 
</p>
<p>For example, here's an options node that disables metrics, adds the query to the response element, and makes the query unfiltered:
</p>
<div class="prettify">
<pre>
&lt;options xmlns="http://marklogic.com/appservices/search"&gt;
  &lt;return-metrics&gt;false&lt;/return-metrics&gt;
  &lt;return-query&gt;true&lt;/return-query&gt;

  &lt;search-option&gt;unfiltered&lt;/search-option&gt; 
&lt;/options&gt;
</pre>
</div>
<h2> Constraints </h2>
<p>One of the most powerful options in the Search API toolkit is a <b>constraint</b>, which gives the Search API information about <b>indexed structures</b> in your content, and how you want to expose those structures to users in your application.  Constraints are extremely powerful, and are a little more complex than the options we highlighted above.  So we'll pause here to take a closer look at constraints, and how they relate to the types of queries your application requires.

</p>
<p>Constraints make it possible for users to:
</p>
<ul>
      <li>Find a document containing &lt;flavor-descriptor&gt;smoky&lt;/flavor-descriptor&gt; with the query string [flavor:smoky]
</li>
      <li>Find a document containing &lt;rating&gt;5.0&lt;/rating&gt; with the query string [rating:5]
</li>
      <li>Find a document containing &lt;scoville&gt;1000&lt;/scoville&gt; with the query string [heat:moderate]

</li>
      <li>Find a document containing &lt;entry date="2009-04-07T14:44:27.550-07:00"&gt; with the query string [date:today] (if today is April 7, 2009)
</li>
      <li>Find a document marked with the collection URI "http://bbq.com/contributor/BigTex" with the query string [contributor:BigTex]
</li>
      <li>Find a document containing &lt;title&gt;Four little pigs&lt;/title&gt; with the query string [intitle:pigs]
</li>
      <li>Find a document like the one below with the query string [summary:Louisiana AND summary:sweet]: 
</li>
    </ul><div class="prettify">

<pre> 
&lt;entry xmlns="http://example.com"
      date="2009-03-03T13:18:58.225-07:00"&gt;
   &lt;title&gt;Louisiana Bayou Mild&lt;/title&gt;
   &lt;abstract&gt;Straight from New Orleans, mild, sweet&lt;/abstract&gt;

   &lt;flavor-descriptor&gt;sweet&lt;/flavor-descriptor&gt;
   &lt;flavor-descriptor&gt;vinegar&lt;/flavor-descriptor&gt;
   &lt;scoville&gt;750&lt;/scoville&gt;
   &lt;rating&gt;3.0&lt;/rating&gt;

&lt;/entry&gt;
</pre>
</div>
<p>Let's take a look at sample constraint definitions that enable each of these possibilities.  
 
<h4> Value</h4>
</p>
<p>The first example, [flavor:smoky] is a simple value constraint based on the text value of a particular element.  The definition looks like:
</p>
<div class="prettify">
<pre>
&lt;constraint name="flavor"&gt;
  &lt;value&gt;
    &lt;element ns="http://example.com" name="flavor-descriptor"/&gt;
  &lt;/value&gt;
&lt;/constraint&gt;
</pre>
</div>
<p>Note that the constraint name and the name of the element involved are separate. This simple query does not require an Element Range Index to be configured, and equivalent is based on the string value of the element.
</p>

<h4> Range (type-aware) Value</h4>
<p>The second example, [rating:5] uses a type-aware comparison, so that "5" in the query text can still match "5.0" in the document. Under the hood, this is a range-query with an operator of "=". (In the future, other operators like "&gt;" might also be supported.) The definition looks like:
</p>
<div class="prettify">
<pre>
&lt;constraint name="rating"&gt;
  &lt;range type="xs:decimal"&gt;
    &lt;element ns="http://example.com" name="rating"/&gt;
  &lt;/range&gt;
&lt;/constraint&gt;
</pre>
</div>
<ul>
      <li>The attribute @name (here "rating") is the part that appears on the left-hand side of the constraint expression.
</li>
      <li>The child element of constraint tells <b>what kind of constraint</b> it is. In this case, a &lt;range&gt; constraint.
</li>
      <li>The values are taken from the element rating (in the http://example.com namespace) with a datatype of xs:decimal, for which our script created a range index. 
</li>
    </ul><h4> Bucketed (absolute)</h4>

<p>The constraint definition for the third example, [heat:moderate] is a little more complex, because it spells out what we mean by "moderate".  Each of the bucket definitions is used to create corresponding range queries when a keyword is recognized, so "moderate" is translated to an element range query for items with the value of &lt;scoville&gt; is between  (the attribute @lt means 'less than', and @ge means 'greater than or equal').
</p>
<div class="prettify">
<pre style="overflow:auto">
&lt;constraint name="heat"&gt;
  &lt;range type="xs:int"&gt;

    &lt;element ns="http://example.com" name="scoville"/&gt;
    &lt;bucket name="mild" lt="500"&gt;Mild (&lt; 500)&lt;/bucket&gt;

    &lt;bucket name="moderate" ge="500" lt="2500"&gt;Moderate (500 - 2500)&lt;/bucket&gt;
    &lt;bucket name="hot" ge="2500" lt="8000"&gt;Hot (2500-8000)&lt;/bucket&gt;

    &lt;bucket name="extra-hot" ge="8000"&gt;Extra Hot (8000+)&lt;/bucket&gt;
  &lt;/range&gt;
&lt;/constraint&gt;
</pre>
</div>
<p>Notice some differences in how a bucketed constraint is put together:

</p>
<ul>
      <li>The values are grouped into buckets
</li>
      <li>The attributes @ge (greater than or equal) and @lt (less than) set the boundaries of the bucket. Note that the values of these attributes on a bucket element MUST be valid instances of the declared datatype, here xs:int.
</li>
      <li>Note that the name of the constraint and the name of the element can be different, as is the case here.
</li>
      <li>The name of the bucket (here "moderate") appears on the right-hand side of the constraint expression, like this: [heat:moderate].
</li>
      <li>This example uses the Element Range Index configured by our script on the &lt;scoville&gt; element with a datatype of xs:int.
</li>
    </ul><p>Note: for best performance, all buckets should be arranged in ascending order. (Thus, the first one has optional @ge, the last one optional @lt), and the @lt on one bucket should exactly match the @ge on the next. If you don't follow these guidelines, facets will still work, but more slowly.
</p>
<h4> Bucketed (relative)</h4>
<p>The fourth example, [date:year], is a bucketed <b>range</b> constraint, but with an added twist: bucket definitions are calculated on the fly, rather than being predetermined, as indicated by the element name of &lt;computed-bucket&gt;.  

</p>
<div class="prettify">
<pre style="overflow:auto">
&lt;constraint name="date"&gt;
  &lt;range type="xs:dateTime" facet="true"&gt;
    &lt;element ns="http://example.com" name="entry"/&gt; 
    &lt;attribute ns="" name="date"/&gt;

    &lt;computed-bucket lt="-P1Y" anchor="start-of-year" name="older"&gt;Older&lt;/computed-bucket&gt;
    &lt;computed-bucket lt="P1Y" ge="P0Y" anchor="start-of-year" name="year"&gt;This Year&lt;/computed-bucket&gt;
    &lt;computed-bucket lt="P1M" ge="P0M" anchor="start-of-month" name="month"&gt;This Month&lt;/computed-bucket&gt;
    &lt;computed-bucket lt="P1D" ge="P0D" anchor="start-of-day" name="today"&gt;Today&lt;/computed-bucket&gt;
    &lt;computed-bucket ge="P0D" anchor="now" name="future"&gt;Future&lt;/computed-bucket&gt;
    
    &lt;facet-option&gt;descending&lt;/facet-option&gt;
  &lt;/range&gt;
&lt;/constraint&gt;
</pre>
</div>
<p>Some details to note:
</p>
<p>Note the differences from the last example:
</p>
<ul>
      <li>The constraint definition pre-defines what we mean by "today", it is relative to a particular value range calculated at query time based on the @anchor defined for the computed bucket.  

</li>
      <li>The attribute facet="true" is present on range. The value 'true', to return facets, is the default, so here it is for illustrative purposes. Setting it to 'false' would disable this particular constraint from generating facets.
</li>
      <li>A &lt;computed-bucket&gt; (unlike a regular bucket) MUST have an @anchor attribute with a valid anchor name; built in anchor names are 'now', 'start-of-day', 'start-of-month', and 'start-of-year', all based on the current system time.
<ul>
	  <li>Additionally, a &lt;computed-bucket&gt; has relative values in @lt and @ge. Here the datatype of the constraint is xs:date, but the values in @ge and @lt are xs:dayTimeDuration.
</li>
	  <li>Remember, a regular &lt;bucket&gt; MUST NOT have a @anchor attribute.
</li>
	</ul></li>
      <li>A &lt;facet-option&gt; is used to specify a "descending" sort order.

</li>
      <li>This example uses the Element Attribute Range Index, configured on the date attribute of the entry element, that we created in the loading script with a datatype of xs:dateTime.
</li>
    </ul><h4> Collection constraints</h4>
<p>The fifth example, [contributor:BigTex], is a <b>collection</b> constraint, based on collection URI.  Many applications use collections to create flexible, non-hierarchical groups of documents.  Collections may be assigned at ingest time or to support applications like tagging.   So this query is looking for documents in the "http://bbq.com/contributor/BigTex" collection. The constraint definition looks like:
</p>
<div class="prettify">
<pre>
&lt;constraint name="contributor"&gt;

  &lt;collection prefix="http://bbq.com/contributor/"/&gt;
&lt;/constraint&gt;
</pre>
</div>
<p>A few details:
</p>
<ul>
      <li>This example uses the collection lexicon that was set up in the loading script. 
</li>
      <li>Note the specification of a URL prefix that is not repeated in the query text.
</li>
    </ul><h4> Word constraints </h4>
<p>The sixth example, [intitle:pigs], is based on a <b>word</b> constraint.  Under the covers, this equates to an element word query:  the query targets documents with the word "pigs", but only if it occurs in the title element in namespace http://example.com.  The constraint definition is very simple:

</p>
<div class="prettify">
<pre>
&lt;constraint name="intitle"&gt;
  &lt;word&gt;
    &lt;element ns="http://example.com" name="title"/&gt;
  &lt;/word&gt;
&lt;/constraint&gt;
</pre>
</div>
<p>No special indexes are required in order to evaluate this query, although the "fast element word searches" index, on by default, will provide better performance.  (Note that if you want to use this constraint to define a source for suggestions, you will need to configure an element word lexicon on 'title'.)
</p>
<h4> Field constraints </h4>
<p>The final example, [summary:Louisiana AND summary:sweet], uses a <b>field</b> constraint, based on a field defined in the database.  A field allows a developer to logically group selected structures within a document for focused indexing and queries.  This query, then, is looking for documents in which the 'summary' field (including title and abstract elements) contains the words "Louisiana" and "sweet".

</p>
<div class="prettify">
<pre>
&lt;constraint name="summary"&gt;
  &lt;word&gt;
    &lt;field name="summary"/&gt;
  &lt;/word&gt; 
&lt;/constraint&gt;
</pre>
</div>
<p>This example requires that the database configuration include a field named "summary", specifying inclusion of the portions of the document with &lt;title&gt; and &lt;abstract&gt; elements.
</p>
<h3> Putting it all together </h3>

<p>So going back to our simple example, how could the search API make it easy to write a query for our moderately hot BBQ recipe with smoky flavor?
</p>
<p>Define an options node that includes the following constraints, and pass it into the call to search:search():
</p>
<div class="prettify">
<pre style="overflow:auto">
let $options := 
 &lt;options xmlns="http://marklogic.com/appservices/search"&gt;
  &lt;constraint name="flavor"&gt;
    &lt;value&gt;
     &lt;element ns="http://example.com" name="flavor-descriptor"/&gt;
    &lt;/value&gt;
  &lt;/constraint&gt;
  &lt;constraint name="intitle"&gt;

    &lt;word&gt;
      &lt;element ns="http://example.com" name="title"/&gt;
    &lt;/word&gt;
  &lt;/constraint&gt;

  &lt;constraint name="heat"&gt;
    &lt;range type="xs:int"&gt;
      &lt;element ns="http://example.com" name="scoville"/&gt;
      &lt;bucket name="mild" lt="500"&gt;Mild (less than 500)&lt;/bucket&gt;

      &lt;bucket name="moderate" ge="500" lt="2500"&gt;Moderate (500 - 2500)&lt;/bucket&gt;
      &lt;bucket name="hot" ge="2500" lt="8000"&gt;Hot (2500-8000)&lt;/bucket&gt;

      &lt;bucket name="extra-hot" ge="8000"&gt;Extra Hot (8000+)&lt;/bucket&gt;
    &lt;/range&gt;
  &lt;/constraint&gt;
 &lt;/options&gt;

return search:search("intitle:BBQ flavor:smoky heat:moderate", $options)
</pre>
</div>
<p>And the result set will include this document:
</p>
<div class="prettify">
<pre>
&lt;entry xmlns="http://example.com"
      date="2007-10-31T14:17:44.425-07:00"&gt;
   &lt;title&gt;Sally's Southern BBQ&lt;/title&gt;

   &lt;abstract&gt;A classic southern recipe&lt;/abstract&gt;
   &lt;flavor-descriptor&gt;cayanne&lt;/flavor-descriptor&gt;
   &lt;flavor-descriptor&gt;molasses&lt;/flavor-descriptor&gt;
   &lt;flavor-descriptor&gt;smoky&lt;/flavor-descriptor&gt;

   &lt;scoville&gt;800&lt;/scoville&gt;
   &lt;rating&gt;3.0&lt;/rating&gt;
&lt;/entry&gt;
</pre>
</div>
<h3> How does this work? </h3>

<p>Based on the "Google-style" grammar defined in the default options in the Search API, the query parser recognizes the ":" operator, and looks for constraints with names matching the string preceding the colon.  The parser then constructs specialized queries that utilize indexes on document structure.
</p>
<h3> Doing more with constraints: Faceting</h3>
<p>Constraints are the mechanism for enabling precise, powerful queries of your structured content.  But constraints also provide the foundation for faceted navigation, a key feature in modern search applications.  
</p>
<p>By default, all range and collection constraints will produce facets on search:search() calls.  (You can disable faceting on a particular constraint using the @facet attribute, as in the computed bucket example above.)  Let's see how those facets look, using the following query:
</p>
<pre style="overflow:auto">
 let $options := 
 &lt;options xmlns="http://marklogic.com/appservices/search"&gt;

  &lt;constraint name="heat"&gt;
    &lt;range type="xs:int"&gt;
      &lt;element ns="http://example.com" name="scoville"/&gt;
      &lt;bucket name="mild" lt="500"&gt;Mild (lt 500)&lt;/bucket&gt;

      &lt;bucket name="moderate" ge="500" lt="2500"&gt;Moderate (500 - 2500)&lt;/bucket&gt;
      &lt;bucket name="hot" ge="2500" lt="8000"&gt;Hot (2500-8000)&lt;/bucket&gt;

      &lt;bucket name="extra-hot" ge="8000"&gt;Extra Hot (8000+)&lt;/bucket&gt;
    &lt;/range&gt;
  &lt;/constraint&gt;
  &lt;constraint name="contributor"&gt;

    &lt;collection prefix="http://bbq.com/contributor/"/&gt;
  &lt;/constraint&gt;
&lt;/options&gt;

return search:search("",$options)
</pre>
<p>==&gt;
</p>

<pre style="overflow:auto">
&lt;!-- this example includes prefixes as they might be returned from the API --&gt;
&lt;search:response total="5" start="1" page-length="10" 
    xmlns:search="http://marklogic.com/appservices/search"&gt;
   ... (omitting result nodes) ...
  &lt;search:facet name="heat"&gt;

    &lt;search:facet-value name="moderate" count="3"&gt;Moderate (500 - 2500)&lt;/search:facet-value&gt;
    &lt;search:facet-value name="extra-hot" count="2"&gt;Extra Hot (8000+)&lt;/search:facet-value&gt;

  &lt;/search:facet&gt;
  &lt;search:facet name="contributor"&gt;
    &lt;search:facet-value name="AuntSally" count="1"&gt;AuntSally&lt;/search:facet-value&gt;
    &lt;search:facet-value name="BigTex" count="2"&gt;BigTex&lt;/search:facet-value&gt;

    &lt;search:facet-value name="Dorothy" count="1"&gt;Dorothy&lt;/search:facet-value&gt;
    &lt;search:facet-value name="Dubois" count="1"&gt;Dubois&lt;/search:facet-value&gt;

  &lt;/search:facet&gt;
  &lt;search:qtext/&gt;
  &lt;search:metrics&gt;
    &lt;search:query-resolution-time&gt;PT0.003869S&lt;/search:query-resolution-time&gt;
    &lt;search:facet-resolution-time&gt;PT0.015655S&lt;/search:facet-resolution-time&gt;

    &lt;search:snippet-resolution-time&gt;PT0.003892S&lt;/search:snippet-resolution-time&gt;
    &lt;search:total-time&gt;PT0.023962S&lt;/search:total-time&gt;
  &lt;/search:metrics&gt;
&lt;/search:response&gt;
</pre>
<p>The empty string produces a histogram of all documents (which is configured by default to return all documents). 

</p>
<h3> Hints for Working With Options</h3>
<p>The options you pass in are merged with a set of default options, so it's only necessary to pass in options that you want to change. You can access and examine the default options using search:get-default-options() if you are curious.</p>
<p>Options can get complicated, so we encourage you to use the <tt>search:check-options()</tt> function during development.  It examines your candidate options XML and reports any differences from what the API expects, and optionally checks the options against available indexes to see if any are missing. Set the <tt>&lt;debug&gt;</tt> option to true to get additional information.
</p>
<h3> For further information</h3>
<p>MarkLogic Server 4.1 documentation on the Search API can be found at:

</p>
<ul>
      <li>See the <a class="external" href="http://developer.marklogic.com/pubs/4.1/apidocs/SearchAPI.html">Search API documentation</a><img class="outlink" src="/JSPWiki/images/out.png" alt=""/>
</li>
      <li>See the <a class="external" href="http://developer.marklogic.com/pubs/4.1/books/search-dev-guide.pdf">Search Developer's Guide</a><img class="outlink" src="/JSPWiki/images/out.png" alt=""/>
</li>
    </ul><p>The Application Builder, available for the first time in Mark Logic Server version 4.1, is a tool for generating XQuery applications as a starting point for development.  The generated applications use the Search API under the covers.  An easy way to get started with the Search API is to generate an application, then take a look at the code to see the Search API in action.
  
</p>
<ul>
      <li>See the <a class="external" href="http://developer.marklogic.com/pubs/4.1/books/appbuilder.pdf">Application Builder Developer's Guide</a><img class="outlink" src="/JSPWiki/images/out.png" alt=""/>
</li>
    </ul><p>And keep your eyes on this space for a future set of posts that reviews many of the additional API features and options in more detail.
</p>
  </ml:body>
</ml:Article>
