<?xml version="1.0" encoding="UTF-8"?><ml:Article type="Reference" xmlns:ml="http://developer.marklogic.com/site/internal" xmlns="http://www.w3.org/1999/xhtml">
  <ml:title>XCC Javadoc</ml:title> 
  <ml:created>2007-01-23</ml:created> <!-- FIx date -->
  <ml:last-updated>2007-01-23</ml:last-updated>

  <ml:topics>
    <ml:topic>XCC</ml:topic>
    <ml:topic>Java</ml:topic>
    <ml:topic>API</ml:topic>
  </ml:topics>

  <ml:external-link href="http://developer.marklogic.com/pubs/4.1/javadoc/index.html"/>

</ml:Article>
