<?xml version="1.0" encoding="UTF-8"?><ml:Announcement user-group="denmark" xmlns:ml="http://developer.marklogic.com/site/internal" xmlns="http://www.w3.org/1999/xhtml">
  <ml:title>Mark Logic Executive to Speak on Panel at XML-in-Practice</ml:title>
  <ml:date>2009-07-19</ml:date>
  <ml:abstract/> <!-- if empty or absent, will use the first paragraph -->
  <ml:body>
    <p><ml:teaser>Chris Biow, Federal CTO will participate in the session “Information Discovery with an Enterprise Data Catalogue Service” at the XML-in-Practice 2009 Conference &amp; Exposition to be held September 30—October 1, 2009 at the Arlington Hilton, in Arlington, VA.</ml:teaser> This session will discuss methods government organizations can employ to strike a balance between information security and privacy, versus openness and sharing.</p>
    <p>Lorem ipsum dolor sit amet, consectetur adipisicing elit, sed do eiusmod tempor incididunt ut labore et dolore magna aliqua. Ut enim ad minim veniam, quis nostrud exercitation ullamco laboris nisi ut aliquip ex ea commodo consequat. Duis aute irure dolor in. Lorem ipsum dolor sit amet, consectetur adipisicing elit, sed do eiusmod tempor incididunt ut labore et dolore magna aliqua. Ut enim ad minim veniam, quis nostrud exercitation ullamco laboris nisi ut aliquip ex ea commodo consequat. Duis aute irure dolor in.</p>
    <p>Ullamco laboris nisi ut aliquip ex ea commodo consequat. Duis aute irure dolor in. Lorem ipsum dolor sit amet, consectetur adipisicing elit, sed do eiusmod tempor incididunt ut labore et dolore magna aliqua. Ut enim ad minim veniam, quis nostrud exercitation ullamco laboris nisi ut aliquip ex ea commodo consequat. Duis aute irure dolor in.</p>
    <p>Ut enim ad minim veniam, quis nostrud exercitation ullamco laboris nisi ut aliquip ex ea commodo consequat. Duis aute irure dolor in. Lorem ipsum dolor sit amet, consectetur adipisicing elit, sed do eiusmod tempor incididunt ut labore et dolore magna aliqua. Ut enim ad minim veniam, quis nostrud exercitation ullamco laboris nisi ut aliquip ex ea commodo consequat. Duis aute irure dolor in.</p>
  </ml:body>
</ml:Announcement>
