<?xml version="1.0" encoding="UTF-8"?><!-- This document configures the top- and sub-level navigation,
     including breadcrumb hierarchy.
--><navigation xmlns="http://developer.marklogic.com/site/internal">
  <page display="Home" href="/"/>
  <page display="Downloads" href="/products">
    <group display="MarkLogic Downloads">
      <group display="MarkLogic Server">
        <page display="4.2" href="/products/marklogic-server/4.2"/>
        <page display="4.1" href="/products/marklogic-server/4.1"/>
        <page display="Older releases" href="/products/marklogic-server/archives"/>
      </group>
      <group display="Connectors and Toolkits">
        <page display="XCC for Java" href="/products/xcc-for-java/1.1"/>
        <page display="XCC for .Net" href="/products/xcc-for-net/1.1"/>
        <page display="SharePoint" href="/products/sharepoint/1.1"/>
        <page display="Toolkit for Word" href="/products/toolkit-for-word/1.1"/>
        <page display="Toolkit for Excel" href="/products/toolkit-for-excel/1.1"/>
        <page display="Toolkit for PowerPoint" href="/products/toolkit-for-powerpoint/1.1"/>
      </group>
      <group display="Cloud Services">
        <page display="Server for EC2" href="/products/server-for-ec2/1.1"/>
      </group>
    </group>
  </page>
  <page display="Code" href="/code">
    <group display="Open Source Projects">
        <page display="MarkLogic CQ" href="/code/cq"/>
        <page display="CQSH - An XQuery Shell" href="/code/cqsh"/>
        <page display="MarkLogic XQuery JSP Tag Library" href="/code/jsp"/>
        <page display="MLSQL" href="/code/mlsql"/>
        <page display="MLJAM" href="/code/mljam"/>
        <page display="Feed" href="/code/feed"/>
        <page display="Facebook XQuery Library" href="/code/facebook"/>
        <page display="Dictionaries and Thesauri" href="/code/dictionaries"/>
        <page display="XQMVC" href="/code/xqmvc"/>

        <page display="MarkLogic Toolkit for PowerPoint®" href="/code/marklogic-toolkit-for-powerpoint"/>
        <page display="MarkLogic Toolkit for Excel®" href="/code/marklogic-toolkit-for-excel"/>
        <page display="MarkLogic Toolkit for Word®" href="/code/marklogic-toolkit-for-word"/>

        <page display="Versi Design Template" href="/code/versi"/>
        <page display="MarkLogic XQRunner Java XQuery Executor" href="/code/xqrunner"/>
        <page display="libmlxcc - MarkLogic Connector for C, PHP, Perl, Ruby, and Python" href="/code/libmlxcc"/>
        <page display="MarkLogic xmlsh Extension Module" href="/code/marklogic-xmlsh-ext"/>
        <page display="User Login/Logout/Register XQuery Library" href="/code/userlogin"/>
        <page display="Corb" href="/code/corb"/>
        <page display="MLJCR - MarkLogic Java Content Repository (JSR-170)" href="/code/mljcr"/>
        <page display="AutoLoader" href="/code/AutoLoader"/>
        <page display="Loader" href="/code/loader"/>
        <page display="PerformanceMeters" href="/code/performance-meters"/>
        <page display="MarkLogic XFaqtor" href="/code/xfaqtor"/>
        <page display="JQEE" href="/code/jqee"/>
        <page display="RecordLoader" href="/code/recordloader"/>
        <page display="SOAP Router" href="/code/soaprouter"/>
        <page display="XDBC: XQuery Database Connectivity (Official and Supported) [Legacy]" href="/code/xdbc"/>
        <page display="phpxdbc: XDBC Connectivity for PHP" href="/code/phpxdbc"/>
        <page display="xqlog: XQuery Blogger" href="/code/xqlog"/>
        <page display="MarkLogic Performance Monitor" href="/code/MPM"/>
        <page display="xqDoc Web Services" href="/code/xqdoc-ws"/>
        <page display="XQSync" href="/code/xqsync"/>
        <page display="jEdit WebDAV Plugin" href="/code/webdavjedit"/>
        <page display="perlxdbc: XDBC Connectivity for Perl" href="/code/perlxdbc"/>
        <page display="XQuery Commons" href="/code/commons"/>
        <page display="jEdit XQuery Plugin" href="/code/jedit"/>
        <page display="Shakespeare Demo Application" href="/code/bill"/>
    </group>
  </page>
  <page display="Learn" href="/learn" narrow-sidebar="yes">
    <group display="MarkLogic Server">
      <page display="MarkLogic Server 4.2" href="/learn/4.2"/>
      <page display="MarkLogic Server 4.1" href="/learn/4.1"/>
      <page display="MarkLogic Server 4.0" href="/learn/4.0"/>
      <page display="MarkLogic Server 3.2" href="/learn/3.2"/>
    </group>
    <group display="Document Types">
      <page display="Articles" href="/learn/articles">
        <Article type="Article"/>
      </page>
      <page display="Code" href="/learn/code">
        <Article type="Code"/>
      </page>
      <page display="Getting Started" href="/learn/getting-started">
        <Article type="Getting Started"/>
      </page>
      <page display="Guides" href="/learn/guides">
        <Article type="Guide"/>
      </page>
      <page display="Installation Guides" href="/learn/installation-guides">
        <Article type="Installation Guide"/>
      </page>
      <page display="Release Notes" href="/learn/release-notes">
        <Article type="Release Notes"/>
      </page>
      <page display="Technical Overview" href="/learn/technical-overviews">
        <Article type="Technical Overview"/>
      </page>
      <page display="Training" href="/learn/training">
        <Article type="Training"/>
      </page>
      <page display="Tutorials" href="/learn/tutorials">
        <Article type="Tutorial"/>
      </page>
      <page display="Use Cases" href="/learn/use-cases">
        <Article type="Use Case"/>
      </page>
      <page display="Videos" href="/learn/videos">
        <Article type="Video"/>
      </page>
    </group>
    <!--
    <group display="Topics">
      <page display="General" href="/learn/general"/>
      <group display="MarkLogic Server">
        <page display="4.2" href="/learn/server42"/>
        <page display="4.1" href="/learn/server41"/>
        <page display="4.0" href="/learn/server40"/>
      </group>
      <page display="Integration" href="/learn/integration"/>
      <page display="XML" href="/learn/xml"/>
      <page display="XQuery" href="/learn/xquery"/>
    </group>
    -->
  </page>
  <page display="Discuss" href="/discuss">
    <group display="MarkLogic Mailing Lists">
      <page display="General Mailing List" href="http://developer.marklogic.com/mailman/listinfo/general"/>
      <page display="Announcements Mailing List" href="http://developer.marklogic.com/mailman/listinfo/announce"/>
    </group>
    <group display="User Group Mailing Lists">
      <page display="DenMARK — Denver" href="http://developer.marklogic.com/mailman/listinfo/denmark"/>
      <page display="Mark-UPS — Maryland" href="http://developer.marklogic.com/mailman/listinfo/markups"/>
      <page display="NOVAMUG — Northern Virginia" href="http://developer.marklogic.com/mailman/listinfo/novamug"/>
      <page display="NYMUG — New York" href="http://developer.marklogic.com/mailman/listinfo/nymug"/>
      <page display="MUGFR — France" href="http://developer.marklogic.com/mailman/listinfo/mugfr"/>
      <page display="BMUG — Boston" href="http://developer.marklogic.com/mailman/listinfo/bmug"/>
    </group>
  </page>
  <page display="Meet" href="/meet">
    <group display="MarkLogic User Groups">
      <page display="DenMark — Denver User Group" href="/meet/denmark"/>
      <page display="Mark-UPS — Maryland User Group" href="/meet/markups"/>
      <page display="NOVAMUG — Northern Virginia User Group" href="/meet/novamug"/>
      <page display="NYMUG — New York User Group" href="/meet/nymug"/>
      <page display="MUGFR — France User Group" href="/meet/mugfr"/>
      <page display="BMUG — Boston User Group" href="/meet/bmug"/>
    </group>
  </page>
  <page display="Blog" href="/blog">
    <group display="All Posts">
      <blog-posts-grouped-by-date/>
    </group>
    <group display="Authors" disable-initial-expansion="yes">
      <blog-posts-grouped-by-author/>
    </group>
    <group display="Categories" disable-initial-expansion="yes">
      <blog-posts-grouped-by-category/>
    </group>
  </page>
  <page display="News &amp; Events" href="/news-and-events">
    <page display="News" href="/news">
      <Announcement/>
    </page>
    <page display="Events" href="/events">
      <Event/>
    </page>
  </page>

  <page display="Search Results" href="/search" hide="yes"/>

  <generic-page display="Licensing" href="/licensing"/>

</navigation>
