<?xml version="1.0" encoding="UTF-8"?><widgets xmlns="http://developer.marklogic.com/site/internal">

  <widget href="/private/widgets/getting-started.xml">
    <page href="/"/>
  </widget>

  <widget xquery="twitter.xqy"> <!-- See the "widgets" directory at the top level of the code tree -->
    <page href="/"/>
  </widget>

  <!--
  <widget href="/private/widgets/static-mockups/recent-blog-posts.xml">
  -->
  <!--
  <widget xslt="recent-blog-posts.xsl">
  -->
  <widget xquery="recent-blog-posts.xqy">
    <page href="/"/>
    <page href="/news-and-events"/>
    <page href="/news"/>
    <page href="/events"/>
  </widget>

  <widget href="/private/widgets/mark-logic-authors.xml">
    <page href="/"/>
  </widget>

  <!--
  <widget href="/private/widgets/open-source-projects.xml">
    <page-tree root="/products"/>
  </widget>
  -->

  <widget href="/private/widgets/write-a-tutorial.xml">
    <page-tree root="/learn"/>
  </widget>

  <widget href="/private/widgets/subscribe-to-mailing-list.xml">
    <page href="/discuss"/>
  </widget>

  <widget href="/private/widgets/subscribe-to-general-user-group.xml">
    <page href="/meet"/>
  </widget>

  <widget href="/private/widgets/subscribe-to-denmark.xml">
    <page href="/meet/denmark"/>
  </widget>

  <widget href="/private/widgets/subscribe-to-markups.xml">
    <page href="/meet/markups"/>
  </widget>

  <widget href="/private/widgets/subscribe-to-mugfr.xml">
    <page href="/meet/mugfr"/>
  </widget>

  <widget href="/private/widgets/subscribe-to-bmug.xml">
    <page href="/meet/bmug"/>
  </widget>

  <widget href="/private/widgets/subscribe-to-novamug.xml">
    <page href="/meet/novamug"/>
  </widget>

  <widget href="/private/widgets/subscribe-to-nymug.xml">
    <page href="/meet/nymug"/>
  </widget>

  <widget href="/private/widgets/start-a-user-group.xml">
    <page href="/meet"/>
  </widget>

  <widget href="/private/widgets/mark-logic-bloggers.xml">
    <page href="/blog"/>
    <Post/>
  </widget>

 <!--
  <widget href="/private/widgets/mark-logic-products.xml">
    <page-tree root="/code"/>
  </widget>
 -->

 <!--
  <widget feature="/private/features/geospatial.xml">
    <page-children parent="/products"/>
    <Announcement/>
  </widget>
 -->

  <widget feature="/private/features/ml-server.xml">
    <page-tree root="/learn"/>
  </widget>

</widgets>
