<?xml version="1.0" encoding="UTF-8"?><page xmlns="http://developer.marklogic.com/site/internal" xmlns:x="http://www.w3.org/1999/xhtml">

  <product-info name="MarkLogic Server – Release 4.0" license-page="/licensing" requirements-page="/products/marklogic-server/requirements-4.0">
    <platform name="Microsoft Windows (Server, XP, and Vista)">
      <download href="/download/binaries/4.0/MarkLogic-4.0-8-amd64.msi" size="176 MB" date="2009-07-24">x64 (AMD64, Intel EM64T) 64-bit Installer</download>
      <download href="/download/binaries/4.0/MarkLogic-4.0-8-i686.msi" size="171 MB" date="2009-07-24">x86 (Intel i686) 32-bit Installer</download>
    </platform>
    <platform name="Red Hat Linux 4 &amp; 5">
      <download href="/download/binaries/4.0/MarkLogic-4.0-8.x86_64.rpm" size="156 MB" date="2009-07-24">x64 (AMD64, Intel EM64T) 64-bit RPM</download>
      <download href="/download/binaries/4.0/MarkLogic-4.0-8.i686.rpm" size="170 MB" date="2009-07-24">x86 (Intel i686) 32-bit RPM</download>
    </platform>
    <platform name="Sun Solaris 10">
      <download href="/download/binaries/4.0/MARKLogic-4.0-8-sparc9.tar.Z" size="230 MB" date="2009-07-24">SPARC V9 pkgadd </download>
      <download href="/download/binaries/4.0/MARKLogic-4.0-8-amd64.tar.Z" size="240 MB" date="2009-07-24">x64 (AMD64, Intel EM64T) pkgadd </download>
    </platform>
  </product-info>

  <product-documentation>
    <old-doc desc="Online 4.0 product documentation" path="/docs/4.0"/>
    <old-doc desc="4.0 Installation guide" path="/pubs/4.0/books/install-guide.pdf"/>
    <old-doc desc="ZIP File of All MarkLogic 4.0 Documentation" path="/pubs/4.0/MarkLogic_4.0_pubs.zip"/>
    <old-doc desc="4.0 Release notes" path="/pubs/4.0/books/relnotes.pdf"/>
  </product-documentation>

</page>