<?xml version="1.0" encoding="UTF-8"?><page xmlns="http://developer.marklogic.com/site/internal" xmlns:x="http://www.w3.org/1999/xhtml">

  <product-info name="MarkLogic Server – Release 4.1" license-page="/licensing" requirements-page="/products/marklogic-server/requirements">
    <platform name="Microsoft Windows (Server, XP, and Vista)">
      <download href="/download/binaries/4.1/MarkLogic-4.1-5-amd64.msi" size="182 MB" date="2009-07-24">x64 (AMD64, Intel EM64T) 64-bit Installer</download>
      <download href="/download/binaries/4.1/MarkLogic-4.1-5-i686.msi" size="177 MB" date="2009-07-24">x86 (Intel i686) 32-bit Installer</download>
    </platform>
    <platform name="Red Hat Enterprise Linux 4 &amp; 5">
      <download href="/download/binaries/4.1/MarkLogic-4.1-5.x86_64.rpm" size="182 MB" date="2009-07-24">x64 (AMD64, Intel EM64T) 64-bit RPM</download>
      <download href="/download/binaries/4.1/MarkLogic-4.1-5.i686.rpm" size="182 MB" date="2009-07-24">x86 (Intel i686) 32-bit RPM</download>
    </platform>
    <platform name="Sun Solaris 10">
      <download href="/download/binaries/4.1/MARKLogic-4.1-5-sparc9.tar.Z" size="250 MB" date="2009-07-24">SPARC V9 pkgadd Install Package</download>
      <download href="/download/binaries/4.1/MARKLogic-4.1-5-amd64.tar.Z" size="261 MB" date="2009-07-24">x64 (AMD64, Intel EM64T) pkgadd Install Package</download>
    </platform>
  </product-info>

  <product-documentation>
    <old-doc desc="Online 4.1 product documentation" path="/docs"/>
    <doc source="/learn/install-guide.xml"/>
    <doc source="/learn/rel-notes.xml"/>
    <doc source="/learn/server-all-zip.xml"/>
  </product-documentation>

</page>