<?xml version="1.0" encoding="UTF-8"?><ml:widget xmlns="http://www.w3.org/1999/xhtml" xmlns:ml="http://developer.marklogic.com/site/internal">
  <div class="head">
    <h2>Recent Blog Posts</h2>
    <a class="more" href="">View all</a>
  </div>

  <div class="body">
    <h3><a href="">Mark Logic Digital Publishing Summit 12/10/09 at The Plaza</a></h3>
    <div class="author">by Jeff Grenger, 09/16/09</div>
    <div class="message">Lorem ipsum dolor sit ametconsectetur adipisicing elit, sed do eiusmod tempor.</div>
  </div>
  <div class="body">
    <h3><a href="">Getting Ready: T-minus 3 Days to the Mark Logic User Conference</a></h3>

    <div class="author">by Jeff Grenger, 09/16/09</div>
    <div class="message">Lorem ipsum dolor sit ametconsectetur adipisicing elit, sed do eiusmod tempor.</div>
  </div>
  <div class="body">
    <h3><a href="">Mark Logic Digital Publishing Summit 12/10/09 at The Plaza</a></h3>
    <div class="author">by Jeff Grenger, 09/16/09</div>
    <div class="message">Lorem ipsum dolor sit ametconsectetur adipisicing elit, sed do eiusmod tempor.</div>

  </div>
  <div class="body">
    <a class="more" href="">+ Show more</a>
  </div>
</ml:widget>
