<?xml version="1.0" encoding="UTF-8"?><ml:widget xmlns="http://www.w3.org/1999/xhtml" xmlns:ml="http://developer.marklogic.com/site/internal">
  <div class="head">
    <h2><img class="icon" src="/images/icon_twitter.png" alt=""/> Follow Us on Twitter</h2>
    <ul>
      <li><span>Today</span></li>
      <li><a href="">This Week</a></li>
      <li><a href="">This Month</a></li>
    </ul>
  </div>
  <div class="body">
    <a class="user" href="">mpelikan:</a>
    <span class="message">RT @AlainCouthures: #xsltforms has been chosen by eXist &amp; Mark Logic both. Free, Fast, Light, Extensible… #xsltforms is very attractive</span>
    <div class="post_info">about 9 hours ago from TweetDeck</div>

  </div>
  <div class="body">
    <a class="user" href="">MarkLogic:</a>
    <span class="message">Mark Logic hosts a DEMO JAM at XML in Practice! Bring your favorite product demo to share while you have a drink at the reception.</span>
    <div class="post_info">about 9 hours ago from TweetDeck</div>
  </div>
  <div class="body">

    <a class="user" href="">MarkLogic:</a>
    <span class="message">Mark Logic hosts a DEMO JAM at XML in Practice! Bring your favorite product demo to share while you have a drink at the reception.</span>
    <div class="post_info">about 9 hours ago from TweetDeck</div>
  </div>
  <div class="body">
    <a class="more" href="">+ Show more</a>
  </div>
</ml:widget>
