<?xml version="1.0" encoding="UTF-8"?><ml:page xmlns:ml="http://developer.marklogic.com/site/internal" xmlns="http://www.w3.org/1999/xhtml">

          <h1>Code Edit</h1>


<ml:auto-form template="Project.xml"/>



          <form class="adminform" id="codeedit" action="" method="get">
    <input type="submit" name="add" value="Add new"/>
    <fieldset>
              <legend>Edit</legend>
              <dl>
                <dt>Status</dt>

                <dd class="draft">Draft</dd>
                <dt>Modified</dt>
                <dd>Jason Monberg (2010/03/01 1:04pm)</dd>
                <dt>Created</dt>
                <dd>2009/12/02</dd>
              </dl>

              <div class="error">
                <strong>OOOPS:</strong> Please enter Project Type.<br/>
                Please enter at least one download link.
              </div>
              <div class="action">
                <input type="submit" name="remove" value="Remove"/>
                <input type="submit" name="publish" value="Publish"/>
              </div>

              <div>
                <label for="ce_name">Project Name</label>
                <input id="ce_name" type="text"/>
              </div>
              <div>
                <label for="ce_type">Project Type</label>
                <input id="ce_type" type="text"/>
              </div>

              <div>
                <label for="ce_author">Author</label>
                <div><input id="ce_author" name="author[]" type="text"/> <!-- <input class="add_remove" type="submit" name="remove_author[]" value="-&nbsp;Remove author" /> --></div>
                <!--
                  The following commented out lines of HTML show the markup that is supposed to be added when the “add author” button below is clicked (one row at a time).
                  None of the inputs needs to have an ID but if they’ll get one, make sure each ID is unique.
                  The first (default) “add author” text input field above gets a remove button next to it (as shown – currently commented out) when a second “add author” row is added.
                  Note that the name attributes of the inputs are used in the JS functions to select the elements. If you decide to change these, don’t forget to change them in functions.js, too.
                
                <div><input name="author[]" type="text" /> <input class="add_remove" type="submit" name="remove_author[]" value="-&nbsp;Remove author" /></div>
                <div><input name="author[]" type="text" /> <input class="add_remove" type="submit" name="remove_author[]" value="-&nbsp;Remove author" /></div>
                -->
                
                <!--
                  The following submit button should submit the form and store all entered data in some PHP array/variable or whatever.
                  It should then return to this page displaying the entered data in the respective fields and adding another “add author” row as shown above.
                  If only one “add author” row is there (i. e. only one text input field), of course no remove button should be displayed.
                -->
                <div><input class="add_remove" type="submit" name="add_author" value="+ Add author"/></div>
              </div>
              <div class="ce_description">

                <label for="ce_description">Description</label>
                <select>
	  <option value="">XHTML</option>
	</select>
                <!--
                  The “add media” button below should submit the form and store all entered data for later use.
                  It sends the user to the add media page (adminAddMedia.html) to add media, and when that form is submitted they’re sent back here,
                  showing all previously entered data plus the added media chosen on the other page.
                -->
                <input type="submit" name="add_media" value="Add media"/><br/>
                <textarea id="ce_description" cols="30" rows="5"></textarea>

              </div>
            </fieldset>
    <fieldset>
              <legend>Download Link(s)</legend>
              <div>
                <label for="ce_link">Link</label>
                <div><input id="ce_link" name="link[]" type="text"/></div>
                <!--
                  The “add link” section works the same way as the “add author” section above.
                  By clicking the “add link” button below, another row is added (plus a remove button for the first text input).
                 -->

              </div>
              <div>
                <label for="ce_version">Version needed</label>
                <input id="ce_version" type="text"/>
              </div>
              <div>
                <label for="ce_date">Date</label>
                <input id="ce_date" type="text"/>

                <div><input class="add_remove" type="submit" name="add_link" value="+ Add link"/></div>
              </div>
            </fieldset>
    <div class="submit">
              <input type="submit" name="preview" value="Preview"/>
              <input type="submit" name="draft" value="Save draft"/>
            </div>
  </form>


</ml:page>
