<?xml version="1.0" encoding="UTF-8"?><ml:page xmlns:ml="http://developer.marklogic.com/site/internal" xmlns="http://www.w3.org/1999/xhtml">

  <h2>The Boston Mark Logic User Group</h2>

  <p>The Boston Mark Logic User Group (BMUG) page and mailing list is a place for general announcements, questions and discussions related to the Boston User Group.</p>
  <!-- image is 2x this -->
  <img src="/images/bmug-1.png" alt="BMUG innaugural meeting at OHO" width="421" height="215"/> 
    
  <ml:upcoming-user-group-events group="bmug"/>
  <ml:top-threads>
    <ml:list>com.marklogic.developer.bmug</ml:list>
  </ml:top-threads>

</ml:page>