<?xml version="1.0" encoding="UTF-8"?><ml:page xmlns:ml="http://developer.marklogic.com/site/internal" xmlns="http://www.w3.org/1999/xhtml">

  <h2>The Denver Mark Logic User Group</h2>

  <p>The Denver User Group (DenMARK) page and mailing list is a place for general announcements, questions and discussions related to the Denver User Group.</p>
<!--  <img src="/images/denmark_meeting.jpg" alt="Members of DenMARK at a meeting"/> -->

  <ml:upcoming-user-group-events group="denmark"/>

  <ml:top-threads>
    <ml:list>com.marklogic.developer.denmark</ml:list>
  </ml:top-threads>

</ml:page>