<?xml version="1.0" encoding="UTF-8"?><ml:page xmlns:ml="http://developer.marklogic.com/site/internal" xmlns="http://www.w3.org/1999/xhtml">

  <h2>The Maryland Mark Logic User Group</h2>

  <p>The Maryland User Group (MarkUPS) page and mailing list is a place for general announcements, questions and discussions related to the Maryland User Group.</p>
<!--  <img src="/images/denmark_meeting.jpg" alt="Members of MarkUPS at a meeting"/> -->

  <ml:upcoming-user-group-events group="markups"/>

  <ml:top-threads list="list:xqzone.mark-ups"/>
  <ml:top-threads>
    <ml:list>com.marklogic.developer.mark-ups</ml:list>
  </ml:top-threads>

</ml:page>