<?xml version="1.0" encoding="UTF-8"?><ml:page xmlns:ml="http://developer.marklogic.com/site/internal" xmlns="http://www.w3.org/1999/xhtml">

  <h2>The Northern Virginia Mark Logic User Group</h2>

  <p>The Northern Virginia User Group (NOVAMUG) page and mailing list is a place for general announcements, questions and discussions related to the Northern Virginia User Group.</p>
<!--  <img src="/images/denmark_meeting.jpg" alt="Members of NOVAMUG at a meeting"/> -->

  <ml:upcoming-user-group-events group="novamug"/>

  <ml:top-threads>
    <ml:list>com.marklogic.developer.novamug</ml:list>
  </ml:top-threads>

</ml:page>