<?xml version="1.0" encoding="UTF-8"?><ml:page xmlns:ml="http://developer.marklogic.com/site/internal" xmlns="http://www.w3.org/1999/xhtml">

        <h2>Organize a Mark Logic User Group</h2><h3>Mark Logic Provides the Following Support for User Groups</h3><ul>
    <li>Modest financial support to cover refreshments and AV</li>
    <li>Content and a technical speakers when appropriate</li>
    <li>Mark Logic has sample agendas and guidance on best practices for User Group organizers</li>
    <li>Mark Logic will provide special materials to help attract attendees and manage the event</li>
  </ul><h3>User Group Organizers</h3><ul>
    <li>We ask that as the organizer, you also act as the host of the event, introduce each presenter and facilitate conversations.</li>
    <li>Provide an agenda as a basis for the meeting</li>
    <li>Make sure there is time for discussion and informal conversation</li>
    <li>Attendees and presenters should be encouraged to register their participation. Mark Logic will provide sponsorship per attendee.</li>
    <li>We encourage you to help promote the event to the Mark Logic and XML community and to recruit presenters.</li>
    <li>Make sure there is a screen and projector for the demos. </li>
  </ul><h3>User Group Venue Hosts</h3><ul>
    <li>Mark Logic has a broad customer base in several verticals, such as media and government. We know that in our events, competitors are meeting one another and often sharing best practices. If a company is willing to be a venue host, we expect there be no issue with competitive attendance and that all participants will honor confidentiality. </li>
  </ul><h3>Mark Logic Recommendations</h3><ul>
    <li>Having an "anchor" theme or topic, with a presentation or demo that will help focus and facilitate conversation.</li>
    <li>Successful meetings of this type are usually held in 2 hours; presentations are generally 20 minutes with Q&amp;A to keep a high level of interactivity and informal networking time</li>
    <li>Mark Logic can provide sample agendas and guidance on best practices for organizers</li>
  </ul>


</ml:page>