<?xml version="1.0" encoding="UTF-8"?><ml:page xmlns:ml="http://developer.marklogic.com/site/internal" xmlns="http://www.w3.org/1999/xhtml">

          <h1>Generic page first level headline</h1>
          <p>Lorem ipsum dolor sit amet, consectetuer adipiscing elit. Etiam sit amet elit vitae arcu interdum ullamcorper. Nullam ultrices, nisi quis scelerisque convallis, augue neque tempor enim, et mattis justo nibh eu elit. Quisque ultrices gravida pede. Mauris accumsan vulputate tellus. Phasellus condimentum bibendum dolor. Mauris sed ipsum. Phasellus in diam. Nam sapien ligula, consectetuer id, hendrerit in, cursus sed, leo. Nam tincidunt rhoncus urna. Aliquam id massa ut nibh bibendum imperdiet. Curabitur neque mauris, porta vel, lacinia quis, placerat ultrices, orci.</p>
          <h2>Generic page second level headline</h2>
          <p>Pellentesque habitant morbi tristique senectus et netus et malesuada fames ac turpis egestas. In lectus nisl, porttitor eget, fermentum et, viverra a, odio. Sed semper. Praesent vulputate nibh eget nisi. Sed ligula. Aenean vehicula posuere neque. Nam nibh lectus, laoreet non, convallis sed, vulputate consectetuer, enim. Pellentesque arcu. Vestibulum consequat nisi a ipsum vulputate vehicula. Aliquam lacus diam, ultricies vel, interdum eget, posuere non, tellus. Donec vel ligula. Sed felis.</p>

          <h3>third level headline</h3>
          <p>Aliquam metus est, bibendum ac euismod imperdiet, pellentesque ac felis. Proin sapien tortor, iaculis a dapibus id, congue vitae arcu! Cras auctor ligula vitae diam tempor in tempus nisi tempus. Aliquam ut sapien nec justo molestie egestas. Cras in nunc lorem? Aliquam erat volutpat. Phasellus at augue in dolor lacinia egestas condimentum ut erat. Phasellus nisi odio, suscipit nec vestibulum vitae, tristique at libero. Pellentesque eros augue, pretium sit amet placerat quis, faucibus vitae neque. Phasellus commodo, risus a adipiscing porttitor, est nunc tempus enim, ac imperdiet erat libero ac sem. Phasellus ac tortor a est auctor posuere? Nam congue, libero id volutpat iaculis; tellus neque lobortis libero, vel sagittis turpis augue sed nisi. Curabitur vulputate, tortor at accumsan malesuada, quam justo posuere risus, vitae rhoncus sem massa eu orci. Proin ultrices lorem mauris, et mattis leo?</p>
          <p>Praesent quis ante sapien, eget interdum eros. Pellentesque aliquam tempus odio, quis auctor erat fringilla quis. Integer bibendum ullamcorper libero, in gravida nulla vestibulum a. Vestibulum tempus, sem eu pretium rutrum, risus dolor consectetur elit, in imperdiet nisi libero sit amet mi. Etiam rhoncus neque eu lorem faucibus et elementum eros euismod! Quisque dui purus, gravida ac aliquam id, mollis eget libero. Curabitur semper nunc nec orci molestie viverra? Integer nisl diam, blandit eget lobortis non, sagittis ut sapien. Quisque sed sollicitudin lectus. Cum sociis natoque penatibus et magnis dis parturient montes, nascetur ridiculus mus.</p>
        

</ml:page>
