<?xml version="1.0" encoding="UTF-8"?><ml:page xmlns:ml="http://developer.marklogic.com/site/internal" xmlns="http://www.w3.org/1999/xhtml">

  <h1>Meet</h1>

  <p>Mark Logic User Groups are informal volunteer events for users to meet, discuss, and share best practices regionally. This is an easy way to meet peers and learn how to get more out of MarkLogic Server.</p>
  <!-- TODO: consider using a special element wrapper to abstract away from CSS class details -->
  <h2 class="main_headline">Participate in a Mark Logic User Group</h2>
  <p>User Group events are free and open to all users, regardless of company affiliation (i. e. expect that competitive companies will be participating together and respecting each others’ confidentiality). If you want to participate in a user group and there are none in your region, join the general user groups mailing list or contact us.</p>

  <ml:latest-user-group-announcement/>

  <ml:upcoming-user-group-events/>

  <ml:top-threads>
    <ml:list>usergroups</ml:list>
    <ml:list>denmark</ml:list>
    <ml:list>mark-ups</ml:list>
    <ml:list>novamug</ml:list>
    <ml:list>nymug</ml:list>
    <ml:list>bmug</ml:list>
    <ml:list>mugfr</ml:list>
  </ml:top-threads>

</ml:page>
