<?xml version="1.0" encoding="UTF-8"?><ml:Article type="Tutorial" xmlns:ml="http://developer.marklogic.com/site/internal" xmlns="http://www.w3.org/1999/xhtml">
  <ml:title>Integrating MarkLogic Server With the Apache Webserver</ml:title>
  <ml:author>James Duncan Davidson</ml:author>
  <ml:last-updated>2004-09-08</ml:last-updated>
  <ml:body>
<p>
<i>[Editor's Note: My thanks to James for this guest tutorial.  James is a friend of Mark Logic who was instrumental in getting the site up on its feet.  James continues to lend a hand as his busy schedule permits.]</i>
</p>

<p>The MarkLogic Server is a powerhouse of XML database processing capability. Part of what makes MarkLogic Server so compelling is that its native interface is the web. By writing XQuery Pages (files that end in <tt>.xqy</tt>), you can expose any kind of view onto your XML database that you want.</p>

<p>As convenient as it is to use the built-in webserver, however, there are times when you need more flexibility. For example, you might need to set up virtual hosts or do URL rewriting. For such tasks, nothing beats the most used webserver on the planet: <a href="http://httpd.apache.org/">Apache httpd</a>.</p>

<p>When we set up the developer network we faced exactly this problem. We needed to set up <a href="http://subversion.tigris.org/">Subversion</a> with SSL as well as use URL rewriting — both of which required the use of the Apache webserver. And we wanted to present it all within the scope of a single URL namespace to you, the readers of the site. By applying a little bit of Apache configuration magic, we were able to combine the best of both worlds. This tutorial will show you how.</p>

<h3>The Theory</h3>

<p>
How exactly do you combine two webservers into one when they weren't designed to work together? The answer is that you use the very same HTTP protocol that web browsers use to communicate with web servers. Built into the HTTP protocol is the ability for software to proxy requests to be forwarded onto other servers, as shown in the following figure.
</p>

<img src="/media/2004-09-cisapache_proxy-images/2004-09-cisapache_proxy.png" alt="Proxy" width="411" height="150"/>

<p>
There are actually two ways in which HTTP requests can be proxied: forward and reverse. A forward proxy is the kind that you may be used to using to access the internet from inside a corporate firewall. It supports requests from multiple clients through a single server for security, caching, or filtering. A reverse proxy, on the other hand, is used to redirect client requests on to another server, possibly hidden from the original client.
</p>

<p>
Apache httpd can act as both kinds of proxy. It's the second kind of proxy, the reverse proxy, that we are interested in. In addition, using the Apache <tt>mod_rewrite</tt> module can let us be very exact about which requests get proxied. In our case, we want to send all requests for <tt>.xqy</tt> pages onward to MarkLogic Server while letting Apache handle all the other requests for images and other data, as shown in the following figure.
</p>

<img src="/media/2004-09-cisapache_proxy-images/2004-09-cisapache_proxy_xqy.png" alt="XQY Proxy" width="459" height="153"/>

<p>
Even if you don't want to use Apache's advanced features for URL rewriting or its other capabilities, you may want to use SSL to secure communication over the open internet. Currently, Mark Logic Server doesn't support SSL, but Apache does and you can use it to provide an SSL front end, as shown in the following figure.
</p>

<img src="/media/2004-09-cisapache_proxy-images/2004-09-cisapache_proxy_ssl.png" alt="SSL Proxy" width="411" height="150"/>

<p>
In short, the client browser only sees one server, but multiple servers are actually being used to satisfy the various requests made of the server.
</p>

<p>
Now that you know the theory, let's look at how to put it into practce.
</p>

<h3>The Set Up</h3>

<p>First off, start out with the <a href="/download/">latest version of MarkLogic Server</a>. When you install it and start it up, the admin server is set up to run on port 8001 and the primary documents server is set up to run on port 8000. You can leave these settings unchanged or change them to suit your particular set up. For this article, we're going to assume port 8000 as the MarkLogic Server document server.</p>

<p>The next step is to set up the Apache httpd 2.0 webserver. It's important to note that we do mean version 2.0 and not version 1.3.x which is still widely used. The features in Apache that we're going to use didn't fully mature until the 2.0 version was released.</p>

<p>If you don't already have the Apache httpd 2.0 webserver set up on your machine, you can download it from the <a href="http://httpd.apache.org/download.cgi">Apache httpd download page</a>. Once downloaded, build and install it. If you need a little bit of help doing so, use the <a href="http://httpd.apache.org/docs-2.0/install.html">Apache installation guide</a>.  Depending on the operating system you're using, Apache httpd 2.0 may be available as a binary install package.</p>

<p>
When you build or install Apache, you'll need to make sure that the following modules are available:
</p>

<ul>
      <li><tt>mod_proxy</tt></li>
      <li><tt>mod_rewrite</tt></li>
    </ul>

<p>
Also, if you want to enable SSL, make sure that <tt>mod_ssl</tt> is also built in. You can set whether these modules are built in or not when you run <tt>configure</tt> on the httpd source tree before building it. For example, we use the following to configure our httpd build:
</p>

<p>
<tt>
$ <strong>./configure --prefix=/usr/local/httpd --with-berkeley-db=/usr/local/BerkeleyDB.4.2 --enable-dav --enable-so --enable-proxy --enable-rewrite --enable-ssl --with-ssl=/usr/local/ssl</strong>
</tt>
</p>

<p>
If you want to verify which modules are compiled into a copy of Apache httpd, you can execute the <tt>httpd</tt> command with a <tt>-l</tt> flag, as follows:
</p>

<p>
<tt>
$ <strong>/usr/local/httpd/bin/httpd -l</strong><br/>
Compiled in modules:<br/>
  core.c<br/>
  mod_access.c<br/>
  mod_auth.c<br/>
  mod_include.c<br/>
  mod_deflate.c<br/>
  mod_log_config.c<br/>
  mod_env.c<br/>
  mod_setenvif.c<br/>
  mod_proxy.c<br/>
  proxy_connect.c<br/>
  proxy_ftp.c<br/>
  proxy_http.c<br/>
  mod_ssl.c<br/>
  prefork.c<br/>
  http_core.c<br/>
  mod_mime.c<br/>
  mod_dav.c<br/>
  mod_status.c<br/>
  mod_autoindex.c<br/>
  mod_asis.c<br/>
  mod_cgi.c<br/>
  mod_dav_fs.c<br/>
  mod_negotiation.c<br/>
  mod_dir.c<br/>
  mod_actions.c<br/>
  mod_alias.c<br/>
  mod_rewrite.c<br/>
  mod_so.c<br/>
</tt>
</p>

<p>
As long as <tt>mod_proxy</tt> and <tt>mod_rewrite</tt> (as well as <tt>mod_ssl</tt> if you want SSL support), you're ready to go on to the next step.
</p>

<p>
Note: The order in which modules are activated in the Apache https config file can be significant.  If you're using other modules that can affect how a request is handled, such as <tt>mod_alias</tt> or an application server connector like <tt>mod_jk</tt>, then it may be necessary to explicitly stack them it the proper order.  Generally, the last module activated in the config file is the first to see and act on a request.
</p>

<h3>The Configuration</h3>

<p>Now, we come to the real magic. By default, Apache is running on port 80 and MarkLogic Server is running on port 8000. To join them at the hip — or more accurately to have Apache forward on requests for <tt>.xqy</tt> pages to Mark Logic — you'll need to add a few lines to your <tt>httpd.conf</tt> file in the <tt>Directory</tt> directive that you'd like it to be active for. The following example shows these lines in bold:</p>

<p>
<tt>&lt;Directory "/usr/local/httpd/htdocs"&gt;<br/>     Options Indexes<br/>     AllowOverride None<br/>     ...<br/>     <strong>RewriteEngine on</strong><br/>     <strong>RewriteRule ^(.*xqy)$ http://localhost:8000/$1 [L,P]</strong><br/>     ...<br/> &lt;/Directory&gt;</tt>
</p>

<p>These lines turn on the <tt>mod_rewrite</tt> functionality that is built into Apache http and tells the server to forward any URL that ends with the <tt>.xqy</tt> extension to the MarkLogic Server running on the local machine's port 8000 via Apache's proxy module (<tt>mod_proxy</tt>). Note that the proxy can forward on requests to <tt>localhost</tt> as illustrated above, or to any other server that is visable to the machine that httpd is running on (which may include hosts behind the firewall not visible to the requesting client). 
</p> 

<p>
One side effect of this configuration is that all other content — images, CSS style sheets, and the like — is handled by Apache httpd. This is usually what you want as Apache httpd is tuned to serve files well and this will in turn keep load off of your Mark Logic installation. If, for some reason, you want to forward on requests for other document types, you can easily do so. See the <a href="http://httpd.apache.org/docs-2.0/misc/rewriteguide.html">Apache URL Rewriting Guide</a> for ideas as to how to approach different URL rewriting tasks with <tt>mod_rewrite</tt>.
</p>

<p>
It is important to note that the MarkLogic Server installation that you are redirecting requests to does <strong>not</strong> need to be visable to the original client. In fact, you can set up Apache httpd behind a firewall that only permits port 80 requests through and that, in turn, proxies for a Mark Logic installation running on port 8000 which isn't visable outside the firewall. This can be considered to be a security benefit as well since Apache httpd is much more tested in the shark infested waters of the internet.
</p>

<h3>Sharing Document Roots</h3>

<p>
If you have Apache httpd and Mark Logic running on the same machine, you can use the same document root for both. For example, if you are using the default port 8000 document root of <tt>/opt/MarkLogic/Docs</tt>, you could set the <tt>DocumentRoot</tt> directive, and it's accompanying <tt>Directory</tt> directive, to the following:
</p>

<p>
<tt>DocumentRoot "/opt/MarkLogic/Docs"<br/>
&lt;Directory "/opt/MarkLogic/Docs"&gt;<br/>     Options Indexes<br/>     AllowOverride None<br/>     ...<br/>     <strong>RewriteEngine on</strong><br/>     <strong>RewriteRule ^(.*xqy)$ http://localhost:8000/$1 [L,P]</strong><br/>     ...<br/> &lt;/Directory&gt;</tt>
</p>

<h3>Multi-Server Configurations</h3>

<p>
As we pointed out, you can have MarkLogic Server installed onto a separate machine from Apache httpd. This can help in situations where you need to do a bit of load balancing. You can also use the strategy presented in this article to do more intensive load-balancing for greater scalability. For example, you could have different URL prefixes be directed to separate machines running Mark Logic. Or, you could build a round-robin script that runs on Apache to distribute the load evenly across a whole rack of MarkLogic Servers. 
</p>

<p>
The possibilities are endless and every site that needs to explore multiple machine configurations for scalability will arrive at a different solution. Now that you know how to use Apache httpd's <tt>mod_rewrite</tt>, however, you've got one more tool in your tool-chest for handling such problems.
</p>

<h3>Conclusion</h3>

<p>Once you have this up and running, there are all kinds of custom configurations that you can do. You can run CGI scripts, PHP scripts, Servlets and JSPs, and much more all in the same URL namespace.
</p>
<p>
Apache logs all accesses in a common format in one place and any of the commonly available web log tools can be used to analyze those logs.  You can also centralize all authentication using Apache to implement single-signon across all of the applications running on your server (or server cluster). 
</p>

<p>
The sky is the limit. Just remember to make small changes to your configuration and to test things every step of the way. Apache configuration can be tricky if you're not a Zen Master.</p>

<h3>Other Resources</h3>

<p>You'll want to refer to the following resources if you get serious about running Apache and MarkLogic Server together.</p>

<ul>
      <li><a href="http://httpd.apache.org/docs-2.0/misc/rewriteguide.html">The Apache httpd 2.0 Rewriting Guide</a></li>
      <li><a href="http://httpd.apache.org/docs-2.0/mod/mod_proxy.html">Apache 2.0 httpd mod_proxy Documentation</a></li>
      <li><a href="/docs">Content Interaction Server Online Documentation</a></li>
    </ul>


<!-- @EndEditable -->

<!-- body -->
  </ml:body>
</ml:Article>