<?xml version="1.0" encoding="UTF-8"?><ml:Article type="Book" xmlns:ml="http://developer.marklogic.com/site/internal" xmlns="http://www.w3.org/1999/xhtml">
    
  <ml:title>Query Performance and Tuning Guide</ml:title>
  <ml:last-updated>4.1-1</ml:last-updated>
  <ml:external-link href="http://developer.marklogic.com/pubs/4.1/books/performance.pdf"/>
  <ml:server-version>4.1</ml:server-version>
  <ml:description>
Provides performance-related information that is useful to application developers and administrators.
  </ml:description>

</ml:Article>