<?xml version="1.0" encoding="UTF-8"?><ml:Article type="Tutorial" xmlns:ml="http://developer.marklogic.com/site/internal" xmlns="http://www.w3.org/1999/xhtml">
  <ml:title>MLSQL: An XQuery Library for Relational Database Access</ml:title>
  <ml:author>Jason Hunter</ml:author>
  <ml:last-updated>2006-04-03</ml:last-updated>
  <ml:body>
<p>
<a href="/code/mlsql">MLSQL</a>
is an open source XQuery library (written by Jason Hunter of Mark Logic
and Ryan Grimm of O'Reilly Media) that allows easy access to relational
database systems from within the MarkLogic environment.  MLSQL lets you
execute arbitrary SQL commands against any relational database
(MySQL, Oracle, DB2, etc) and it captures the results as XML for processing
within the MarkLogic environment.  Using the library enables XQuery
applications to leverage a relational database without having to resort to
Java or C# glue code to manage the interaction.
</p>

<p>
This article introduces MLSQL, its architecture and API, and demonstrates a
few real life applications built on the library.
</p>

<h3>Architecture</h3>

<p>
MLSQL consists of a couple hundred lines of XQuery and a few hundred lines of
Java servlet code.  The XQuery uses <tt>xdmp:http-post()</tt> to send the SQL query to
the servlet, and the servlet uses JDBC to pass the query to the relational
database.  Any database with JDBC support will do.  The servlet then returns
the result set or update details as XML over the wire to the XQuery
environment.
</p>

<p>
The servlet holds the database credentials, connection details, and manages a
connection pool for efficiency.  The XQuery can pass "bind parameters" to the
database as part of the query for efficiency and safety.  The diagram below
shows the architecture.
</p>

<p>
</p>

<p><img src="/media/2006-04-mlsql-images/mlsql-arch.jpg" alt="MLSQL Architecture Diagram"/></p>
<br clear="all"/>

<p>
Installation and configuration details follow at the end of this article.
</p>

<blockquote>
<h3>Credentials and Security</h3>
For simplicity in MLSQL 1.0 we've opted to encapsulate the database details
inside the servlet.  An alternate design would allow the XQuery to pass the
details, such as in the query string.  If you're interested in this, talk to
us.  Note that for database security, you should restrict access to the MLSQL
web service to only the trusted MarkLogic host.  Tools like tcpwrappers makes
this easy.
</blockquote>

<h3>Basic Usage</h3>

<p>
The following code demonstrates how to execute a SQL query from within a
MarkLogic XQuery environment.  For our first set of queries we'll assume a
MySQL back-end that has a <tt>clickstream</tt> table for tracking search requests
(who requested what, when, and how many results they saw).  Let's start by
executing a query to learn about the table:
</p>

<pre>
<tt xml:space="preserve">import module namespace sql = "http://xqdev.com/sql" at "sql.xqy"

sql:execute("select * from clickstream limit 2",
            "http://localhost:8080/mlsql", ())</tt></pre>

<br/>
<p>
The <tt>sql:execute()</tt> method from the <tt>sql.xqy</tt> library module accepts three
arguments: the SQL query, the URL of the servlet supporting the library, and
an optional options node containing bind parameters and other options.  The
query returns a <tt>&lt;sql:result&gt;</tt> root element holding a <tt>&lt;sql:meta&gt;</tt> providing
metadata (exceptions, warnings, update counts, auto-generated keys, etc), and
a series of <tt>&lt;sql:tuple&gt;</tt> elements representing each row of the result set:
</p>

<pre>
<tt xml:space="preserve">&lt;sql:result xml:lang="en" xmlns:sql="http://xqdev.com/sql"&gt;
  &lt;sql:meta/&gt;
  &lt;sql:tuple&gt;
    &lt;id&gt;1&lt;/id&gt;
    &lt;issued&gt;2006-03-21 00:59:42.0&lt;/issued&gt;
    &lt;page&gt;1&lt;/page&gt;
    &lt;results&gt;170&lt;/results&gt;
    &lt;query&gt;java and xml&lt;/query&gt;
    &lt;user&gt;172.17.146.37&lt;/user&gt;
  &lt;/sql:tuple&gt;
  &lt;sql:tuple&gt;
    &lt;id&gt;2&lt;/id&gt;
    &lt;issued&gt;2006-03-21 01:01:33.0&lt;/issued&gt;
    &lt;page&gt;1&lt;/page&gt;
    &lt;results&gt;195&lt;/results&gt;
    &lt;query&gt;xquery&lt;/query&gt;
    &lt;user&gt;172.17.146.37&lt;/user&gt;
  &lt;/sql:tuple&gt;
&lt;/sql:result&gt;</tt></pre>

<p>
Each &lt;sql:tuple&gt; holds elements representing the columns of each row.
The names are provided by the table, by default.
Now let's ask MySQL to describe the table, so we can learn about its types:
</p>

<pre>
<tt xml:space="preserve">import module namespace sql = "http://xqdev.com/sql" at "sql.xqy"

sql:execute("describe clickstream",
            "http://localhost:8080/mlsql", ())</tt></pre>

<p>
Now, if you were to write the query <tt>describe clickstream</tt> into the
"mysql" command-line tool you would see this text representation of the result:
</p>

<pre>
<tt xml:space="preserve">+---------+--------------+------+-----+-------------------+----------------+
| Field   | Type         | Null | Key | Default           | Extra          |
+---------+--------------+------+-----+-------------------+----------------+
| id      | int(11)      |      | PRI | NULL              | auto_increment |
| issued  | timestamp    | YES  |     | CURRENT_TIMESTAMP |                |
| page    | int(11)      | YES  |     | NULL              |                |
| results | int(11)      | YES  |     | NULL              |                |
| query   | varchar(255) | YES  |     | NULL              |                |
| user    | varchar(50)  | YES  |     | NULL              |                |
+---------+--------------+------+-----+-------------------+----------------+</tt></pre>

<p>
By querying with MLSQL the result takes on an XML form:
</p>

<pre>
<tt xml:space="preserve">&lt;sql:result xml:lang="en" xmlns:sql="http://xqdev.com/sql"&gt;
  &lt;sql:meta/&gt;
  &lt;sql:tuple&gt;
    &lt;Field&gt;id&lt;/Field&gt;
    &lt;Type&gt;int(11)&lt;/Type&gt;
    &lt;Null/&gt;
    &lt;Key&gt;PRI&lt;/Key&gt;
    &lt;Default null="true"/&gt;
    &lt;Extra&gt;auto_increment&lt;/Extra&gt;
  &lt;/sql:tuple&gt;
  &lt;sql:tuple&gt;
    &lt;Field&gt;issued&lt;/Field&gt;
    &lt;Type&gt;timestamp&lt;/Type&gt;
    &lt;Null&gt;YES&lt;/Null&gt;
    &lt;Key/&gt;
    &lt;Default&gt;CURRENT_TIMESTAMP&lt;/Default&gt;
    &lt;Extra/&gt;
  &lt;/sql:tuple&gt;
  &lt;sql:tuple&gt;
    &lt;Field&gt;query&lt;/Field&gt;
    &lt;Type&gt;varchar(255)&lt;/Type&gt;
    &lt;Null&gt;YES&lt;/Null&gt;
    &lt;Key/&gt;
    &lt;Default null="true"/&gt;
    &lt;Extra/&gt;
  &lt;/sql:tuple&gt;
  &lt;sql:tuple&gt;
    &lt;Field&gt;results&lt;/Field&gt;
    &lt;Type&gt;int(11)&lt;/Type&gt;
    &lt;Null&gt;YES&lt;/Null&gt;
    &lt;Key/&gt;
    &lt;Default null="true"/&gt;
    &lt;Extra/&gt;
  &lt;/sql:tuple&gt;
  &lt;sql:tuple&gt;
    &lt;Field&gt;page&lt;/Field&gt;
    &lt;Type&gt;int(11)&lt;/Type&gt;
    &lt;Null&gt;YES&lt;/Null&gt;
    &lt;Key/&gt;
    &lt;Default null="true"/&gt;
    &lt;Extra/&gt;
  &lt;/sql:tuple&gt;
  &lt;sql:tuple&gt;
    &lt;Field&gt;user&lt;/Field&gt;
    &lt;Type&gt;varchar(50)&lt;/Type&gt;
    &lt;Null&gt;YES&lt;/Null&gt;
    &lt;Key/&gt;
    &lt;Default null="true"/&gt;
    &lt;Extra/&gt;
  &lt;/sql:tuple&gt;
&lt;/sql:result&gt;</tt></pre>

<br/>
<p>
That's a lot of data.  We can simplify the report by processing the answers
using XPath.  For example:
</p>

<pre>
<tt xml:space="preserve">import module namespace sql = "http://xqdev.com/sql" at "sql.xqy"

sql:execute("describe clickstream",
            "http://localhost:8080/mlsql", ())
//Field</tt></pre>

<br/>
<p>
This returns:
</p>

<pre>
<tt xml:space="preserve">&lt;Field&gt;id&lt;/Field&gt;
&lt;Field&gt;issued&lt;/Field&gt;
&lt;Field&gt;query&lt;/Field&gt;
&lt;Field&gt;results&lt;/Field&gt;
&lt;Field&gt;page&lt;/Field&gt;
&lt;Field&gt;user&lt;/Field&gt;</tt></pre>

<br/>
<p>
Now that we understand our table structure, we can issue a useful select.
Let's see what queries had an estimate hit count above 10,000:
</p>

<pre>
<tt xml:space="preserve">import module namespace sql = "http://xqdev.com/sql" at "sql.xqy"

sql:execute("select distinct query from clickstream
             where results &gt; 10000",
  "http://localhost:8080/mlsql", ())</tt></pre>

<br/>
<p>
This returns:
</p>

<pre>
<tt xml:space="preserve">&lt;sql:result xml:lang="en" xmlns:sql="http://xqdev.com/sql"&gt;
  &lt;sql:meta/&gt;
  &lt;sql:tuple&gt;
    &lt;query&gt;web&lt;/query&gt;
  &lt;/sql:tuple&gt;
  &lt;sql:tuple&gt;
    &lt;query&gt;make&lt;/query&gt;
  &lt;/sql:tuple&gt;
&lt;/sql:result&gt;</tt></pre>

<br/>
<p>
We can add the XPath <tt>//query/text()</tt> to the call to obtain just the words:
</p>

<pre>
<tt xml:space="preserve">web
make</tt></pre>


<h3>Bind Variables</h3>

<p>
The third argument to <tt>sql:execute()</tt> is an XML options node that can include
various things including a list of bind parameter values.  We can rewrite the
query above to use a bind parameter.  This tends to help database performance
(as databases can cache previously generated query plans) and security (as
bind parameters prevent SQL injection attacks).
</p>

<pre>
<tt xml:space="preserve">import module namespace sql = "http://xqdev.com/sql" at "sql.xqy"

sql:execute("select distinct query from clickstream
             where results &gt; ?",
  "http://localhost:8080/mlsql", sql:params(10000))
//query/text()</tt></pre>

<br/>
<p>
The <tt>sql:params()</tt> convenience function introspects the sequence of atomics
passed to it and returns a <tt>&lt;sql:execute-options&gt;</tt> node.  For the curious,
here's the actual XML passed as the third argument above (which thanks to
<tt>sql:params()</tt> you'll practically never have to write):
</p>

<pre>
<tt xml:space="preserve">&lt;sql:execute-options xmlns:sql="http://xqdev.com/sql"&gt;
  &lt;sql:parameters&gt;
    &lt;sql:parameter type="int"&gt;10000&lt;/sql:parameter&gt;
  &lt;/sql:parameters&gt;
&lt;/sql:execute-options&gt;</tt></pre>

<p>
The <tt>sql:params()</tt> call sets the types attribute based on the type of the atomic
passed in.  If you pass <tt>"1"</tt> instead of <tt>1</tt> the XML will say <tt>type="string"</tt> and
the servlet's JDBC call will know to set the value using <tt>setString()</tt>.  (The
one situation where you may have to write this XML explicitly is when passing
a null bind parameter, as it's hard to represent a null in an XQuery sequence.
See the wire protocol section at the bottom for details on passing a null.)
</p>

<p>
The following example shows a query that makes heavy use of bind parameters to
insert a new search into the clickstream table.  This query is one that might
appear in a search.xqy library.  It checks the XML returned in order to log
any exceptions:
</p>

<pre>
<tt xml:space="preserve">let $status := sql:execute("
  insert into clickstream (query, page, results, user) values (?, ?, ?, ?)
",
"http://localhost:8080/mlsql", sql:params(($query, $page, $est, $ip)))
return
if (exists($status//sql:exception))
  then xdmp:log($status, "warning")
  else ()</tt></pre>

<br/>
<p>
What XML does an insert return?  It also returns a <tt>&lt;sql:result&gt;</tt> but places
into the meta section the number of rows updated and any auto-generated key
(such as the id from the new row):
</p>

<pre>
<tt xml:space="preserve">&lt;sql:result xml:lang="en" xmlns:sql="http://xqdev.com/sql"&gt;
  &lt;sql:meta&gt;
    &lt;sql:rows-affected&gt;1&lt;/sql:rows-affected&gt;
    &lt;sql:generated-key&gt;746&lt;/sql:generated-key&gt;
  &lt;/sql:meta&gt;
&lt;/sql:result&gt;</tt></pre>

<br/>
<p>
Of course, our query above discards this XML after checking it for
exceptions.  If there had been an exception returned, the XML would look
something like this:
</p>

<pre>
<tt xml:space="preserve">&lt;sql:result xml:lang="en" xmlns:sql="http://xqdev.com/sql"&gt;
  &lt;sql:meta&gt;
    &lt;sql:exceptions&gt;
      &lt;sql:exception type="java.sql.SQLException"&gt;
        &lt;sql:reason&gt;You have an error in your SQL syntax; check the manual
            that corresponds to your MySQL server version for the right
            syntax to use near 's ('z ebra', 1, 1, '127.0.0.1')'
            at line 1&lt;/sql:reason&gt;
        &lt;sql:sql-state&gt;42000&lt;/sql:sql-state&gt;
        &lt;sql:vendor-code&gt;1064&lt;/sql:vendor-code&gt;
      &lt;/sql:exception&gt;
    &lt;/sql:exceptions&gt;
  &lt;/sql:meta&gt;
&lt;/sql:result&gt;</tt></pre>

<br/>
<p>
It's wise to check for <tt>&lt;sql:exception&gt;</tt> elements after each <tt>sql:execute()</tt> call.
Sometimes you'll have more than one.  You can also check for <tt>&lt;sql:warning&gt;</tt>
elements.
</p>

<blockquote>
<h3>Should <tt>sql:execute()</tt> throw an error?</h3>
An alternate design would have <tt>sql:execute()</tt> throw an XQuery <tt>error()</tt>
if any exception occurs.  We've opted not to do this in MLSQL 1.0 because the
<tt>error()</tt> function atomizes its parameter, turning a node containing
<tt>&lt;sql:exception&gt;</tt> instances into a simple concatenated string made up of
their text values.  We could work around this by doing an <tt>xdmp:quote()</tt> on the
exception hierarchy and expecting any catch clause to <tt>xdmp:unquote()</tt> as part
of the catch, an option we're investigating.
</blockquote>


<h3>Using the Clickstream</h3>

<p>
Now that we're tracking search requests in the "clickstream" table, we can
enable some search hinting similar to Google Suggest.  Here's how that would
look (using the open source project LiveSearch):
</p>

<p><a href="/media/2006-04-mlsql-images/mlsql-suggest.gif"><img src="/media/2006-04-mlsql-images/mlsql-suggest.gif" width="100%" alt="LiveSearch demonstration"/></a></p>
<br clear="all"/>

<p><i>(Click on the image for a larger view)</i></p>

<p>
Every keypress in the search box triggers an XMLHttpRequest call to the
server, passing the typed text and accepting back the top 10 most common
searches beginning with that prefix (as well as their result count).  The
following suggest.xqy main module could be the target of the XMLHttpRequest:
</p>

<pre>
<tt xml:space="preserve">import module namespace sql = "http://xqdev.com/sql" at "sql.xqy"
default function namespace = "http://www.w3.org/2003/05/xpath-functions"

let $prefix := xdmp:get-request-field("prefix")
return

sql:execute("

select * from (
  select query, max(results) as results, count(*) as times
  from clickstream
  where query like ?
    and results &gt; 0
  group by query
  order by times desc
  limit 10
) x
order by query

", "http://localhost:8080/mlsql", sql:params(concat($prefix, '%')))</tt></pre>

<br/>
<p>
It alphabetizes the results from an inner select which selects the 10 most
popular queries with that prefix.  Note this query uses a few MySQL features
that won't be available on other engines.  Also note that this query is quite
simplistic and wouldn't scale to a large number of rows.  For real use you'd
need to generate and manage summarization tables.  It returns answers like
this after the user types "x":
</p>

<pre>
<tt xml:space="preserve">&lt;sql:result xml:lang="en" xmlns:sql="http://xqdev.com/sql"&gt;
  &lt;sql:meta/&gt;
  &lt;sql:tuple&gt;
    &lt;query&gt;x11&lt;/query&gt;
    &lt;results&gt;468&lt;/results&gt;
    &lt;times&gt;7&lt;/times&gt;
    &lt;/sql:tuple&gt;
  &lt;sql:tuple&gt;
    &lt;query&gt;xlib&lt;/query&gt;
    &lt;results&gt;23&lt;/results&gt;
    &lt;times&gt;2&lt;/times&gt;
  &lt;/sql:tuple&gt;
  &lt;sql:tuple&gt;
    &lt;query&gt;xm radio&lt;/query&gt;
    &lt;results&gt;21&lt;/results&gt;
    &lt;times&gt;14&lt;/times&gt;
  &lt;/sql:tuple&gt;
  &lt;sql:tuple&gt;
    &lt;query&gt;xml&lt;/query&gt;
    &lt;results&gt;5712&lt;/results&gt;
    &lt;times&gt;9&lt;/times&gt;
  &lt;/sql:tuple&gt;
  &lt;sql:tuple&gt;
    &lt;query&gt;xml dom&lt;/query&gt;
    &lt;results&gt;954&lt;/results&gt;
    &lt;times&gt;9&lt;/times&gt;
  &lt;/sql:tuple&gt;
  &lt;!-- etc --&gt;
&lt;/sql:result&gt;</tt></pre>

<br/>
<p>
To hook into LiveSearch these hits have to be massaged into an HTML format,
but that's easy using XQuery.
</p>


<h3>Use Case: Leveraging a Spatial Index</h3>

<p>
Spatial indexes (implemented using R-trees) enable fast queries based on 2D
position information.  They let you find all entries within some distance of a
point, contained within an arbitrary polygon, and so on.  It's a type of index
not yet supported in MarkLogic, but recently supported in MySQL.  By using
MLSQL to connect to MySQL we can access spatial indexes within MarkLogic.
</p>

<p>
[UPDATE: In the time since this article was written, MarkLogic has added rich
built-in support for geospatial indexes.]
</p>

<p>
To demonstrate spatial indexing, we'll query against a free zipcode database
that's included with the MLSQL distribution.  You can load the table data with
the following command:
</p>

<pre>
<tt xml:space="preserve">mysql -u youruser -p yourdb &lt; zipcodes.sql</tt></pre>

<br/>
<p>
Once it's loaded, you can use the following query to list the fields in the
zipcodes table:
</p>

<pre>
<tt xml:space="preserve">import module namespace sql = "http://xqdev.com/sql" at "sql.xqy"

sql:execute("describe zipcodes", "http://localhost:8080/mlsql", ())
//Field/text()</tt></pre>

<br/>
<p>
It reports the table has six columns with these names:
</p>

<pre>
<tt xml:space="preserve">zipcode
state
city
latitude
longitude
geo</tt></pre>

<br/>
<p>
Let's select a row:
</p>

<pre>
<tt xml:space="preserve">import module namespace sql = "http://xqdev.com/sql" at "sql.xqy"
default function namespace = "http://www.w3.org/2003/05/xpath-functions"

sql:execute("
  select zipcode, city, state, AsText(geo) as geo
  from zipcodes
  where zipcode = ?",
"http://localhost:8080/mlsql", sql:params(95070))</tt></pre>

<br/>
<p>
This returns:
</p>

<pre>
<tt xml:space="preserve">&lt;sql:result xml:lang="en" xmlns:sql="http://xqdev.com/sql"&gt;
  &lt;sql:meta/&gt;
  &lt;sql:tuple&gt;
    &lt;zipcode&gt;95070&lt;/zipcode&gt;
    &lt;city&gt;Saratoga&lt;/city&gt;
    &lt;state&gt;CA&lt;/state&gt;
    &lt;geo&gt;POINT(37.253922 -122.063797)&lt;/geo&gt;
  &lt;/sql:tuple&gt;
&lt;/sql:result&gt;</tt></pre>

<br/>
<p>
Notice the "as geo" part of the query.  This gives a name to the text
representation of the geospatial column.  Without that addition you get this
error:
</p>

<pre>
<tt xml:space="preserve">&lt;sql:result xml:lang="en" xmlns:sql="http://xqdev.com/sql"&gt;
  &lt;sql:meta&gt;
    &lt;sql:exceptions&gt;
      &lt;sql:exception type="org.jdom.IllegalNameException"&gt;
        &lt;sql:reason&gt;The name "AsText(geo)" is not legal for
            JDOM/XML elements: XML names cannot contain the
            character "(".&lt;/sql:reason&gt;
      &lt;/sql:exception&gt;
    &lt;/sql:exceptions&gt;
  &lt;/sql:meta&gt;
&lt;/sql:result&gt;</tt></pre>

<br/>
<p>
MLSQL uses the column name chosen by the database as the XML element name.  If
you don't like the name, or if it's an illegal name like above, you can use
the "as newname" feature to rename the column from within SQL.
</p>

<p>
What about null columns?  They have a null attribute to differentiate them
from an empty string.  For example:
</p>

<pre>
<tt xml:space="preserve">&lt;sql:result xml:lang="en" xmlns:sql="http://xqdev.com/sql"&gt;
  &lt;sql:meta/&gt;
  &lt;sql:tuple&gt;
    &lt;name&gt;Barney&lt;/name&gt;
    &lt;age <b>null="true"</b>/&gt;
  &lt;/sql:tuple&gt;
&lt;/sql:result&gt;</tt></pre>

<br/>
<p>
Along with the MLSQL distribution you'll find a <tt>zipcodes.xqy</tt> library module.
It leverages the <tt>sql.xqy</tt> module and the free zipcodes table data to implement
a <tt>zip:within()</tt> function.  This call returns all zip codes within a certain
number of miles from another, based on a great circle polygon.  If you're interested in
the math you can look at the <tt>zipcodes.xqy</tt> source code, but here's the simple
usage:
</p>

<pre>
<tt xml:space="preserve">import module namespace zip =
      "http://xqdev.com/zipcodes" at "zipcodes.xqy"

zip:within("95070", 4.5)</tt></pre>

<br/>
<p>
This query returns:
</p>

<pre>
<tt xml:space="preserve">&lt;area&gt;
  &lt;zipcode&gt;95070&lt;/zipcode&gt;
  &lt;city&gt;Saratoga&lt;/city&gt;
  &lt;state&gt;CA&lt;/state&gt;
  &lt;distance&gt;0.0&lt;/distance&gt;
&lt;/area&gt;
&lt;area&gt;
  &lt;zipcode&gt;95014&lt;/zipcode&gt;
  &lt;city&gt;Cupertino&lt;/city&gt;
  &lt;state&gt;CA&lt;/state&gt;
  &lt;distance&gt;3.87&lt;/distance&gt;
&lt;/area&gt;
&lt;area&gt;
  &lt;zipcode&gt;95030&lt;/zipcode&gt;
  &lt;city&gt;Los Gatos&lt;/city&gt;
  &lt;state&gt;CA&lt;/state&gt;
  &lt;distance&gt;4.45&lt;/distance&gt;
&lt;/area&gt;</tt></pre>

<br/>
<p>
The <tt>xdmp:query-meters()</tt> call shows this query executing in 0.03 seconds.
Given that speed, it won't take long to forget it's relational backed.
</p>

<blockquote>
<h3>Performance</h3>

<p>
In simple testing on a laptop, the MLSQL servlet was able to push about 1,000
simple tuples per second toward the client.  We anticipate that's fast enough
for most SQL queries you will write from XQuery.  Just don't try to pull a
whole table into the XQuery environment and process it with XPath.  That's why
SQL has WHERE clauses.
</p>
</blockquote>

<p>
What's <tt>zip:within()</tt> good for?  Let's assume you have documents or elements in
MarkLogic coded by zipcode (like yellow page entries).  To search entries
within 5 miles of a home zipcode, you can use this query to get the list of
zipcodes to include in the search.  You could even implement a dynamic
thesaurus to treat nearby zip codes as synonyms.
</p>

<p>
Or let's assume you have documents containing geographic coordinates, like a
location of origin.  Their URIs could be stored in MySQL rows along with the
POINT data.  A quick query like this could return all the URIs with points
matching a geographic polygon.  That sequence of URIs then could be passed
into MarkLogic's <tt>doc()</tt> call to limit the scope of a larger search.
</p>

<p>
Bottom line: MLSQL makes it easy to mix and match MarkLogic and relational
database queries within the XQuery environment, enabling you to take advantage
of each platform as appropriate.
</p>

<h3>Installation</h3>

<p>
Installing MLSQL requires a few simple steps:
</p>

<p>
First, expose the <tt>sql.xqy</tt> library module to your XQuery code.  This usually
requires copying the file into your HTTP server root directory, but depending
on configuration might require loading into the server's modules database.
</p>

<p>
Second, install the servlet code.  The distribution includes a build directory
containing the web application root.  Copy this to your servlet engine's
webapps directory or adjust the server's configuration to point at the
directory as a web application root.  (If you don't have a servlet engine,
Jetty is an free server that's easy to install and configure.)
</p>

<p>
Third, provide database credentials and connection details.  The web
application includes a <tt>web.xml</tt> file with init parameters the servlet will read
in order to connect to the database.  Adjust these as appropriate for your
system.  You'll need to set the JDBC driver, connection URL, username, and
password.  The <tt>web.xml</tt> file includes instructions.
</p>

<p>
Fourth, make sure to add your JDBC driver JAR files to the <tt>WEB-INF/lib</tt>
directory.  Driver libraries aren't usually licensed for redistribution, so
you'll have to obtain them on your own.
</p>

<p>
Fifth, test the servlet's URL.  Try making a basic web request to the MLSQL
servlet.  You'll know it's listening and you've found it when you get a
<tt>&lt;sql:exception&gt;</tt> talking about "Premature end of file".  That means you didn't
provide a query, but at least you found the servlet.
</p>

<p>
Sixth, test the XQuery connecton.  Write a basic query like this:
</p>

<pre>
<tt xml:space="preserve">import module namespace sql  = "http://xqdev.com/sql" at "sql.xqy"
sql:execute("select 1 as test", "http://localhost:8080/mlsql", ())</tt></pre>

<br/>
<p>
You might need to adjust the "at" depending on where you placed the library
module.  If it works you'll see this result:
</p>

<pre>
<tt xml:space="preserve">&lt;sql:result xml:lang="en" xmlns:sql="http://xqdev.com/sql"&gt;
  &lt;sql:meta/&gt;
  &lt;sql:tuple&gt;
    &lt;test&gt;1&lt;/test&gt;
  &lt;/sql:tuple&gt;
&lt;/sql:result&gt;</tt></pre>

<br/>
<p>
Now have fun!
</p>

<p>
[UPDATE: The MLSQL 1.1 release adds a sql:executeProcedure() call that
supports OUT and INOUT parameters.  These details are not documented
here.]
</p>


<h3>Appendix: Protocol Details</h3>

<p>
This section describes the wire protocol between the client and server.
They're documented here for completeness and to aid the project's ongoing
development.
</p>

<p>
The client POSTs a request to the Java servlet containing an XML document that
follows the simple format defined by this Relax NG Compact schema:
</p>

<pre>
<tt xml:space="preserve">namespace sql="http://xqdev.com/sql"
element sql:request {{
  element sql:type {{ "select"|"update"|"execute" }},
  element sql:query {{ text }},
  element sql:execute-options {{
    element sql:max-rows {{ xsd:integer }}? &amp;
    element sql:query-timeout {{ xsd:integer }}? &amp;
    element sql:max-field-size {{ xsd:integer }}? &amp;
    element sql:parameters {{
      element sql:parameter {{
        attribute type {{ "int"|"string"|"boolean"|"date"|"double"|
                         "float"|"short"|"time"|"timestamp" }},
        attribute null {{ "true" }}?,
        text
      }}+
    }}?
  }}
}}</tt></pre>

<br/>
<p>
An instance of a request thus looks like this:
</p>

<pre>
<tt xml:space="preserve">&lt;sql:request xmlns:sql="http://xqdev.com/sql"&gt;
  &lt;sql:type&gt;execute&lt;/sql:type&gt;
  &lt;sql:query&gt;select * from user
     where id = ? and name = ? and location is ?&lt;/sql:query&gt;
  &lt;sql:execute-options&gt;
    &lt;sql:max-rows&gt;10&lt;/sql:max-rows&gt;
    &lt;sql:query-timeout&gt;10&lt;/sql:query-timeout&gt;
    &lt;sql:max-field-size&gt;10&lt;/sql:max-field-size&gt;
    &lt;sql:parameters&gt;
      &lt;sql:parameter type="int"&gt;10&lt;/sql:parameter&gt;
      &lt;sql:parameter type="string"&gt;Caesar&lt;/sql:parameter&gt;
      &lt;sql:parameter type="string" null="true"&gt;&lt;/sql:parameter&gt;
    &lt;/sql:parameters&gt;
  &lt;/sql:execute-options&gt;
&lt;/sql:request&gt;</tt></pre>

<br/>
<p>
The servlet returns a response conforming to this Relax NG Compact schema:
</p>

<pre>
<tt xml:space="preserve">namespace sql="http://xqdev.com/sql"
element sql:result {{
  (
    # update
    # a meta with rows affected, any generated key, possible warnings
    element sql:meta {{
      element sql:rows-affected {{ xsd:integer }} &amp;
      element sql:generated-key {{ text }}? &amp;
      element sql:warnings {{
        element sql:warning {{
          attribute type {{ text }}?,
          element sql:reason {{ text }},
          element sql:sql-state {{ text }},
          element sql:vendor-code {{ text }}
        }}+
      }}?
    }}
  ) |
  (
    # select
    # has a series of tuples of any set of elements, possible warnings
    element sql:meta {{
      element sql:warnings {{
        element sql:warning {{
          attribute type {{ text }}?,
          element sql:reason {{ text }},
          element sql:sql-state {{ text }},
          element sql:vendor-code {{ text }}
        }}+
      }}?
    }},
    element sql:tuple {{
      element * {{
        attribute null {{ "true" }}?,
        text
      }}+
    }}*
  ) |
  (
    # error
    # has just a meta, one or more exceptions, any number of warnings
    element sql:meta {{
      element sql:exceptions {{
        element sql:exception {{
          attribute type {{ text }}?,
          element sql:reason {{ text }},
          element sql:sql-state {{ text }},
          element sql:vendor-code {{ text }}
        }}+
      }}+,
      element sql:warnings {{
        element sql:warning {{
          attribute type {{ text }}?,
          element sql:reason {{ text }},
          element sql:sql-state {{ text }},
          element sql:vendor-code {{ text }}
        }}+
      }}?
    }}
  )
}}</tt></pre>

<br/>
<p>
The responses can be separated into three types, depending if the request was
an update or select, or generated errors.  Here's an example response to an
update:
</p>

<pre>
<tt xml:space="preserve">&lt;sql:result xmlns:sql="http://xqdev.com/sql"&gt;
  &lt;sql:meta&gt;
    &lt;sql:rows-affected&gt;1&lt;/sql:rows-affected&gt;
    &lt;sql:generated-key&gt;746&lt;/sql:generated-key&gt;
  &lt;/sql:meta&gt;
&lt;/sql:result&gt;</tt></pre>

<br/>
<p>
Here's an example response to a select:
</p>

<pre>
<tt xml:space="preserve">&lt;sql:result xmlns:sql="http://xqdev.com/sql"&gt;
  &lt;sql:meta/&gt;
  &lt;sql:tuple&gt;
    &lt;id&gt;1&lt;/id&gt;
    &lt;fname&gt;Jason&lt;/fname&gt;
    &lt;lname&gt;Hunter&lt;/lname&gt;
    &lt;age&gt;32&lt;/age&gt;
  &lt;/sql:tuple&gt;
  &lt;sql:tuple&gt;
    &lt;id&gt;1235&lt;/id&gt;
    &lt;fname&gt;Ryan&lt;/fname&gt;
    &lt;lname&gt;Grimm&lt;/lname&gt;
    &lt;age null="true"&gt;&lt;/age&gt;
  &lt;/sql:tuple&gt;
&lt;/sql:result&gt;</tt></pre>

<br/>
<p>
Finally, here's an example response that includes an error:
</p>

<pre>
<tt xml:space="preserve">&lt;sql:result xmlns:sql="http://xqdev.com/sql"&gt;
  &lt;sql:meta&gt;
    &lt;sql:exceptions&gt;
      &lt;sql:exception type="java.sql.SQLException"&gt;
        &lt;sql:reason&gt;Table 'x' doesn't exist&lt;/sql:reason&gt;
        &lt;sql:sql-state&gt;42S02&lt;/sql:sql-state&gt;
        &lt;sql:vendor-code&gt;1146&lt;/sql:vendor-code&gt;
      &lt;/sql:exception&gt;
    &lt;/sql:exceptions&gt;
  &lt;/sql:meta&gt;
&lt;/sql:result&gt;</tt></pre>
  </ml:body>
</ml:Article>