<?xml version="1.0" encoding="UTF-8"?><ml:Article type="Tutorial" xmlns:ml="http://developer.marklogic.com/site/internal" xmlns="http://www.w3.org/1999/xhtml">
  <ml:title>MLJAM: An XQuery Library for Evaluating Java Code</ml:title>
  <ml:author>Jason Hunter</ml:author>
  <ml:last-updated>2006-05-10</ml:last-updated>
  <ml:body>
<p>
<a href="/code/mljam">MLJAM</a>
is an open source XQuery and Java library (written by Jason Hunter of Mark Logic
and Ryan Grimm of O'Reilly Media, the same pair behind MLSQL) that enables the
evaluation of Java code from the MarkLogic Server environment.  Put simply,
it's a Java Access Module.  MLJAM gives
XQuery programs access to the vast libraries and extensive capabilities of
Java, without any difficult glue coding.  Example uses for MLJAM:
</p>

<ul>
      <li>Extracting image metadata</li>
      <li>Resizing and reformatting an image</li>
      <li>Running an XSLT transformation</li>
      <li>Generating a PDF from XSL-FO</li>
      <li>Calculating an MD5 hash</li>
      <li>Interfacting into a user authentication system</li>
      <li>Accessing a credit card purchasing system</li>
      <li>Connecting to a secure HTTPS web site</li>
      <li>Re-encoding content as UTF-8</li>
    </ul>

<p>
To demonstrate what MLJAM code looks like, here's an XQuery function that
returns the <a href="http://en.wikipedia.org/wiki/MD5">MD5 hash</a> of a
passed-in string, built using MLJAM to access Java's MessageDigest class:
</p>

<pre>
<tt xml:space="preserve">(: Assume start() and end() are called externally :)
define function md5($x as xs:string) as xs:string
{{
  jam:set("md5src", $x),
  jam:eval('
      import java.security.MessageDigest;

      digest = MessageDigest.getInstance("MD5");
      md5hash = digest.digest(md5src.getBytes("UTF-8"));
  '),
  xs:string(jam:get("md5hash"))
}}</tt></pre>

<p>
The first line creates a Java variable "md5src" and assigns it a value based
on the $x variable in XQuery.  The second line executes a bit of Java code to
calculate the MD5 hash of the string.  The last line retrieves the hashed
value and returns it as a string.
</p>

<p>
Where does the Java actually run?  And since when can you assign a Java
variable without a type declaration, or do a class import right inline?  How
efficient is all this?  What does it mean for XQuery program architectures?
</p>

<p>
We'll address each of these questions, and more, in this tutorial.
</p>


<h3>Architecture</h3>

<p>
To begin with, the Java code does <i>not</i> run within the MarkLogic Server process.
It runs in a separate Java servlet engine process, probably on the same
machine as MarkLogic but not necessarily.
</p>

<p>
The MLJAM distribution contains two halves: an XQuery library module (about
400 lines of code) and a custom Java servlet (about 700 lines of code).  The
XQuery makes <tt>xdmp:http-get()</tt> and <tt>xdmp:http-post()</tt>
calls to the servlet to
drive the interaction between the two languages.  The wire protocol uses a
simple REST-based web services architecture.  It's discussed in detail at
the end of the article.
</p>

<p>
Some might think it difficult or impossible to execute arbitrary Java code
snippets based on a string that's passed to a servlet, but it's not difficult
at all thanks to the open source
<a href="http://www.beanshell.org/">BeanShell</a> library.  Per
<a href="http://www.beanshell.org/intro.html">http://www.beanshell.org/intro.html</a>:
</p>

<blockquote>
  "BeanShell is a small, free, embeddable Java source interpreter with
  object scripting language features, written in Java.  BeanShell dynamically
  executes standard Java syntax and extends it with common scripting
  conveniences such as loose types, commands, and method closures like those
  in Perl and JavaScript."
</blockquote>

<p>
BeanShell acts as the mind and muscle within the servlet.  BeanShell exposes
Interpreter objects -- each of which has set(), eval(), and get() methods that
behind the scenes the earlier code utilized.  By default, each XQuery client
has its own BeanShell <tt>Interpreter</tt> instance (a little Java universe)
all to itself.  If desired, several XQuery clients can share the same
<tt>Interpreter</tt>.
</p>

<p>
BeanShell makes it easy to execute Java code as simple as the expression
<tt>1+1</tt> or as complicated as a multi-class program.  For more information on
the BeanShell and its features, see
<a href="http://www.beanshell.org/docs.html">http://www.beanshell.org/docs.html</a>.
</p>

<p>
Putting it all together, the architecture looks like this:
</p>

<img src="/media/2006-05-mljam-images/mljam.jpg" alt="architecture"/>

<p>
Installation and configuration details follow at the end of this article.
</p>


<h3>Basic Function Overview</h3>

<p>
The jam.xqy library module exposes the following functions:
</p>

<ul>
      <tt>
</tt>
      <li>jam:start($url as xs:string,
            $user as xs:string?, $pass as xs:string?) as empty()</li>
      <li>jam:set($var as xs:string, $value as item()*) as empty()</li>
      <li>jam:set-array($var as xs:string, $value as item()*) as empty()</li>
      <li>jam:eval($expr as xs:string) as empty()</li>
      <li>jam:get($var as xs:string) as item()*</li>
      <li>jam:eval-get($expr as xs:string) as item()*</li>
      <li>jam:unset($var as xs:string) as empty()</li>
      <li>jam:get-stdout() as xs:string</li>
      <li>jam:get-stderr() as xs:string</li>
      <li>jam:source($bsh as xs:string) as empty()</li>
      <li>jam:end() as empty()</li>
    </ul>

<p>
The <tt>jam:start()</tt> and <tt>jam:end()</tt> bookend all MLJAM interaction.  The jam:start()
function specifies the web address of the MLJAM servlet (and optionally any
required Java server authentication credentials).  The <tt>jam:end()</tt> tells the
servlet it's OK to destroy the <tt>Interpreter</tt> for this client.
</p>

<p>
The <tt>jam:set()</tt>, <tt>jam:set-array()</tt>, <tt>jam:get()</tt>, and
<tt>jam:unset()</tt> calls marshall variables back and
forth.  The <tt>jam:eval()</tt> function executes the passed-in Java code, <tt>returning
empty()</tt>, and <tt>jam:eval-get()</tt> does the same except returns the value of the last
executed statement.
</p>

<p>
The <tt>jam:get-stdout()</tt> and <tt>jam:get-stderr()</tt> functions return the captured
standard out and standard error from the Java context.  The <tt>jam:source()</tt>
function loads BeanShell script code from the named file.
</p>

<h3>Sharing a Long-Running Context</h3>

<p>
Each function listed above actually has an alternate form, one that adds <tt>-in</tt>
to the name and accepts an extra <i>context id</i> parameter.  You use the alternate
form of a function when you want to execute in a specific named context (i.e.
when wanting to share a context between queries).  By default execution
happens in a context with a random context id, isolated to just the running
query.  Here are the alternate forms:
</p>

<ul>
      <tt>
</tt>
      <li>jam:start-in($url as xs:string, $user as xs:string?, $pass as xs:string?,
               $cid as xs:string) as empty()</li>
      <li>jam:set-in($var as xs:string, $value as item()*, $cid as xs:string)
    as empty()</li>
      <li>jam:set-array-in($var as xs:string, $value as item()*, $cid as xs:string)
    as empty()</li>
      <li>jam:eval-in($expr as xs:string, $cid as xs:string) as empty()</li>
      <li>jam:get-in($var as xs:string, $cid as xs:string) as item()*</li>
      <li>jam:eval-get-in($expr as xs:string, $cid as xs:string) as item()*</li>
      <li>jam:unset-in($var as xs:string, $cid as xs:string) as empty()</li>
      <li>jam:get-stdout-in($cid as xs:string) as xs:string</li>
      <li>jam:get-stderr-in($cid as xs:string) as xs:string</li>
      <li>jam:source-in($bsh as xs:string, $cid as xs:string) as empty()</li>
      <li>jam:end-in($cid as xs:string) as empty()</li>
    </ul>

<p>
The naming convention follows that of xdmp:eval() and its alternate <tt>form
xdmp:eval-in()</tt>.  Now let's look at each function in depth.
</p>

<h3>Function Reference</h3>

<h4>jam:start() &amp; jam:start-in()</h4>

<p>
The <tt>jam:start()</tt> function specifies the web address where the MLJAM servlet can
be found and the credentials for access.  You can pass <tt>()</tt> for the user and
password fields if the Java server doesn't require authentication (a bit of a
risky proposition for a service executing arbitrary code).  For example:
</p>

<pre>
<tt xml:space="preserve">jam:start("http://localhost:8080/mljam", "myuser", "mypass")</tt></pre>

<p>
The function doesn't connect to the remote server, it just alters the query's
internal state to remember the given facts.  If you forget to call <tt>jam:start()</tt>
then the first MLJAM function that actually does connect over the wire will
generate an error.
</p>

<p>
The alternate form, <tt>jam:start-in()</tt> accepts a context id.  For example:
</p>

<pre>
<tt xml:space="preserve">jam:start-in("http://localhost:8080/mljam", "mljam", "secret", "local"),
jam:start-in("http://remotehost:8080/mljam", "mljam", "hidden", "remote")</tt></pre>

<p>
This call creates a mapping between a web address and a context id.  Later
calls made using either context id can be routed to the appropriate web
service.  As shown above, it's simple for the same XQuery to connect to any
number of different servers and/or to any number of individual contexts on a
server.
</p>


<h4>jam:set() &amp; jam:set-in()</h4>

<p>
The <tt>jam:set()</tt> function assigns a variable in the remote Java context.
For example:
</p>

<pre>
<tt xml:space="preserve">jam:start("http://localhost:8080/mljam", "mljam", "secret"),
jam:set("x", 5),
jam:end()</tt></pre>

<p>
XQuery types are mapped to Java types according to the following table
(setting other type generates an error):
</p>

 <table>
 <tr>
	<th>XQuery Type</th>
	<th>Java Type</th>
      </tr>
 <tr>
	<td>xs:anyURI</td>
	<td>String</td>
      </tr>
 <tr>
	<td>xs:base64Binary</td>
	<td>byte[]</td>
      </tr>
 <tr>
	<td>xs:boolean</td>
	<td>boolean</td>
      </tr>
 <tr>
	<td>xs:date</td>
	<td>javax.xml.datatype.XMLGregorianCalendar</td>
      </tr>
 <tr>
	<td>xs:dateTime</td>
	<td>javax.xml.datatype.XMLGregorianCalendar</td>
      </tr>
 <tr>
	<td>xs:decimal</td>
	<td>BigDecimal</td>
      </tr>
 <tr>
	<td>xs:double</td>
	<td>double</td>
      </tr>
 <tr>
	<td>xs:duration</td>
	<td>javax.xml.datatype.Duration</td>
      </tr>
 <tr>
	<td>xs:float</td>
	<td>float</td>
      </tr>
 <tr>
	<td>xs:gDay</td>
	<td>javax.xml.datatype.XMLGregorianCalendar</td>
      </tr>
 <tr>
	<td>xs:gMonth</td>
	<td>javax.xml.datatype.XMLGregorianCalendar</td>
      </tr>
 <tr>
	<td>xs:gMonthDay</td>
	<td>javax.xml.datatype.XMLGregorianCalendar</td>
      </tr>
 <tr>
	<td>xs:gYear</td>
	<td>javax.xml.datatype.XMLGregorianCalendar</td>
      </tr>
 <tr>
	<td>xs:gYearMonth</td>
	<td>javax.xml.datatype.XMLGregorianCalendar</td>
      </tr>
 <tr>
	<td>xs:hexBinary</td>
	<td>byte[]</td>
      </tr>
 <tr>
	<td>xs:int</td>
	<td>int</td>
      </tr>
 <tr>
	<td>xs:integer</td>
	<td>long</td>
      </tr>
 <tr>
	<td>xs:QName</td>
	<td>javax.xml.namespace.QName</td>
      </tr>
 <tr>
	<td>xs:string</td>
	<td>String</td>
      </tr>
 <tr>
	<td>xs:time</td>
	<td>javax.xml.datatype.XMLGregorianCalendar</td>
      </tr>
 <tr>
	<td>xdt:dayTimeDuration</td>
	<td>javax.xml.datatype.Duration</td>
      </tr>
 <tr>
	<td>xdt:untypedAtomic</td>
	<td>String</td>
      </tr>
 <tr>
	<td>xdt:yearMonthDuration</td>
	<td>javax.xml.datatype.Duration</td>
      </tr>
 <tr>
	<td>attribute()</td>
	<td>String holding its xdmp:quote() value</td>
      </tr>
 <tr>
	<td>comment()</td>
	<td>String holding its xdmp:quote() value</td>
      </tr>
 <tr>
	<td>document-node()</td>
	<td>String holding its xdmp:quote() value</td>
      </tr>
 <tr>
	<td>element()</td>
	<td>String holding its xdmp:quote() value</td>
      </tr>
 <tr>
	<td>processing-instruction()</td>
	<td>String holding its xdmp:quote() value</td>
      </tr>
 <tr>
	<td>text()</td>
	<td>String holding its xdmp:quote() value</td>
      </tr>
 <tr>
	<td>binary()</td>
	<td>byte[]</td>
      </tr>
 <tr>
	<td>()</td>
	<td>null</td>
      </tr>
 </table>

<p>
If the XQuery $value holds a sequence of values, it's passed to Java as an
<tt>Object[]</tt> array holding instances of the above types (with primitives
autoboxed).
</p>

<p>
The mapping of node types is interesting.  An XQuery <tt>element()</tt> appears in Java
as a String holding serialized XML.  This avoids the wasted effort of creating
a JDOM or W3C DOM tree in Java when most likely the tree structure isn't
needed.  If you do need a tree, you can always build a JDOM or W3C DOM from a
String (using a StringReader).
</p>

<p>
The alternate form <tt>jam:set-in()</tt> allows assignment in a specific context.
For example:
</p>

<pre>
<tt xml:space="preserve">jam:start-in("http://localhost:8080/mljam", "mljam", "secret", "local"),
jam:start-in("http://remotehost:8080/mljam", "mljam", "secret", "remote"),
jam:set-in("x", 5, "local")
(: No jam:end(), we assume the contexts should persist :)</tt></pre>

<p>
Notice the use of commas to separate MLJAM function calls.  That's the way in
XQuery to evaluate a series of expressions.  Don't use a semi-colon.
</p>

<p>
Advanced tip: If the XQuery $value holds a single value that's represented in
Java as a <tt>String</tt> or <tt>byte[]</tt> then it can be sent on the wire in an optimized
fashion.
</p>


<h4>jam:set-array() &amp; jam:set-array-in()</h4>

<p>
These functions let you assign an XQuery value to a Java array, even if the
value in XQuery is a single item.  This is important because in XQuery 
there's no difference between a single item and a sequence of length one containing
that item.  So if you have an <tt>xs:string*</tt> type and want to pass it
to Java as an array (even when it happens to be a single string), use these
functions.  Java will see the variable as an <tt>Object[]</tt>.
</p>

<h4>jam:eval() &amp; jam:eval-in()</h4>

<p>
The <tt>jam:eval()</tt> function makes the magic happen.  It executes the given Java
code in the remote context.  The Java code can be anything that BeanShell can
understand.  The function always returns <tt>empty(),</tt> but leaves the state changed
in the remote context.  Here's a simple example:
</p>

<pre>
<tt xml:space="preserve">jam:start("http://localhost:8080/mljam", "mljam", "secret"),
jam:eval('x = -1; y = "two"; z = Math.sqrt(x);'),
jam:end()</tt></pre>

<p>
At the end of the eval, the remote Java context has three new variables with
values x=1, y="two", and z=NaN (not a number).
</p>

<p>
As you may recall, XQuery allows its strings to be surrounded by either single
quotes or double quotes.  When doing a <tt>jam:eval()</tt> it's often best to surround
the Java code with single quotes.  That way, Java can make free use of double
quotes, and only the rare Java single quotes have to be escaped (by writing
two single quotes in a row).  It's also possible in XQuery to extend string
literals across line breaks, so the above can be written more readably like
this:
</p>

<pre>
<tt xml:space="preserve">jam:eval('
  x = 1;
  y = "two";
  z = Math.sqrt(x);
  // Don''t forget single quote escaping
')</tt></pre>


<blockquote>
<h3>Variable scoping</h3>

<p>
Any variable created in a <tt>jam:eval()</tt> persists in the context for later
retrieval.  Normally you want this.  However, when writing widely reusable
library modules you risk introducing problems if any of your variable names
collide with names used by other code executing in the same context (including
your own library if in a shared context).  You can limit variable scope by
surrounding the evaluated code with curly braces.  This creates a Java code
block and, per the Java specification, any variable declarations within a code
block aren't visible outside the block.  But there's a catch: in BeanShell
this rule only applies to standard Java variable declarations, those that
include a type declaration.  Variables declared without a type survive outside
the code block.
</p>

<p>
Bottom line: If collisions concern you, use curly braces and specify the type
for all your private variables.  For example:
</p>

<pre>
<tt xml:space="preserve">jam:eval('{{
  int x = 1;
  String y = "two";
  double z = Math.sqrt(x);
}}')</tt></pre>

<p>
These variables all disappear right after the <tt>jam:eval()</tt> completes.
</p>

<p>
For more information:
<a href="http://www.beanshell.org/manual/syntax.html#Basic_Scoping_of_Variables">http://www.beanshell.org/manual/syntax.html#Basic_Scoping_of_Variables</a>
</p>

</blockquote>

<p>
The alternate form <tt>jam:eval-in()</tt> allows evaluation in a specific named
context.  For example:
</p>

<pre>
<tt xml:space="preserve">jam:start-in("http://localhost:8080/mljam", "mljam", "secret", "local"),
jam:start-in("http://remotehost:8080/mljam", "mljam", "secret", "remote"),
jam:eval-in('1+1', "local")</tt></pre>

<h4>jam:get() &amp; jam:get-in()</h4>

<p>
The <tt>jam:get()</tt> function retrieves from the remote Java context the value of the
named parameter.  The following, for example, returns the number 5:
</p>

<pre>
<tt xml:space="preserve">jam:start("http://localhost:8080/mljam", "mljam", "secret"),
jam:set("x", 5),
jam:get("x"),
jam:end()</tt></pre>

<p>
Java types are mapped to XQuery types according to the following table
(getting any other type generates an error):
</p>

 <table>
 <tr>
	<th>Java Type</th>
	<th>XQuery Type</th>
      </tr>
 <tr>
	<td>byte[]</td>
	<td>binary()</td>
      </tr>
 <tr>
	<td>BigDecimal</td>
	<td>xs:decimal</td>
      </tr>
 <tr>
	<td>boolean</td>
	<td>xs:boolean</td>
      </tr>
 <tr>
	<td>double</td>
	<td>xs:double</td>
      </tr>
 <tr>
	<td>float</td>
	<td>xs:float</td>
      </tr>
 <tr>
	<td>int</td>
	<td>xs:int</td>
      </tr>
 <tr>
	<td>long</td>
	<td>xs:integer</td>
      </tr>
 <tr>
	<td>Date</td>
	<td>xs:dateTime</td>
      </tr>
 <tr>
	<td>String</td>
	<td>xs:string</td>
      </tr>
 <tr>
	<td>JDOM Attribute</td>
	<td>attribute()</td>
      </tr>
 <tr>
	<td>JDOM Comment</td>
	<td>comment()</td>
      </tr>
 <tr>
	<td>JDOM Document</td>
	<td>document-node()</td>
      </tr>
 <tr>
	<td>JDOM Element</td>
	<td>element()</td>
      </tr>
 <tr>
	<td>JDOM PI</td>
	<td>processing-instruction()</td>
      </tr>
 <tr>
	<td>JDOM Text</td>
	<td>text()</td>
      </tr>
 <tr>
	<td>XMLGregorianCalendar</td>
	<td>xs:dateTime, xs:time, xs:date,
                                       xs:gYearmonth, xs:gMonthDay,
                                       xs:gYear, xs:gMonth,
                                       or xs:gDay depending on
                                       getXMLSchemaType()</td>
      </tr>
 <tr>
	<td>Duration</td>
	<td>xs:duration, xdt:dayTimeDuration, or
                                   xdt:yearMonthDuration depending on
                                   getXMLSchemaType()</td>
      </tr>
 <tr>
	<td>QName</td>
	<td>xs:QName</td>
      </tr>
 <tr>
	<td>null</td>
	<td>()</td>
      </tr>
 </table>

<p>
If the Java variable holds an array, it's returned to XQuery as a sequence.
Note the rule that JDOM node types are mapped to XQuery node types.  This
provides an easy way to build XML in Java for processing by XQuery.
</p>

<p>
It does however produce the oddity that an XQuery node passed to Java and back
becomes an <tt>xs:string</tt> (<tt>element()</tt> -&gt; <tt>String</tt> -&gt;
<tt>xs:string</tt>).
</p>

<p>
Advanced tip: If the Java variable holds a single String or byte[] it can be
sent to XQuery on the wire in an optimized fashion (same as for jam:set()).
</p>

<p>
The alternate form <tt>jam:get-in()</tt> allows retrieval from a named context:
</p>

<pre>
<tt xml:space="preserve">jam:start-in("http://localhost:8080/mljam", "mljam", "secret", "local"),
jam:start-in("http://remotehost:8080/mljam", "mljam", "secret", "remote"),
jam:set-in("x", 5, "remote"),
jam:get-in("x", "remote")
(: No jam:end(), assume the contexts should persist :)</tt></pre>


<h4>jam:eval-get() &amp; jam:eval-get-in()</h4>

<p>
The <tt>jam:eval-get()</tt> call combines evaluation with value retrieval to be more
efficient on the wire -- accomplishing two tasks in one request.  It returns
the value of the last statement executed.  For example:
</p>

<pre>
<tt xml:space="preserve">jam:start("http://localhost:8080/mljam", "mljam", "secret"),
jam:eval-get('System.getProperty("java.vm.version")'),
jam:end()</tt></pre>

<p>
This call returns a value like "<tt>1.5.0</tt>".  While this call:
</p>

<pre>
<tt xml:space="preserve">jam:eval-get('x = 1; y = 2;')</tt></pre>

<p>
Returns the number 2.
</p>

<p>
The alternate form <tt>jam:eval-get-in()</tt> does its work in the named context.
The following code compares Java versions on the two machines (we assume a
string comparison is good enough for Java version strings):
</p>

<pre>
<tt xml:space="preserve">jam:start-in("http://localhost:8080/mljam", "mljam", "secret", "local"),
jam:start-in("http://remotehost:8080/mljam", "mljam", "secret", "remote"),
let $local :=
  jam:eval-get-in('System.getProperty("java.vm.version")', "local")
let $remote :=
  jam:eval-get-in('System.getProperty("java.vm.version")', "remote")
return
if ($local &gt; $remote) then
  concat("Local wins: ", $local)
else
  concat("Remote wins: ", $remote)
,
jam:end("local"),
jam:end("remote")</tt></pre>


<h4>jam:unset() &amp; jam:unset-in()</h4>

<p>
The <tt>jam:unset()</tt> function removes the named variable from the remote context.
It's not often needed, but handy once in a while.  Interestingly, it provides
a capability not possible in regular Java!  To demonstrate, the following
returns <tt>()</tt>, the default for an unbound variable:
</p>

<pre>
<tt xml:space="preserve">jam:start("http://localhost:8080/mljam", "mljam", "secret"),
jam:set("x", xdmp:random()),
jam:unset("x"),
jam:get("x"),
jam:end()</tt></pre>

<p>
The alternate form <tt>jam:unset-in()</tt> unassigns the variable in the named
context.
</p>


<h4>jam:get-stdout() &amp; jam:get-stdout-in()</h4>

<p>
The <tt>jam:get-stdout()</tt> function returns an xs:string holding the content that's
been written to standard out in the remote Java context.  Each call clears the
buffer.  For efficiency reasons only the last 10k of content gets retained.
This function proves most useful when debugging.
</p>

<p>
Note that MLJAM only captures output by the BeanShell <tt>print()</tt> function, not
<tt>System.out.println()</tt>, due to BeanShell limitations.  Here's an example:
</p>

<pre>
<tt xml:space="preserve">jam:start("http://localhost:8080/mljam", "mljam", "secret"),
jam:eval('
  print("The time is now: ");
  print(System.currentTimeMillis());
'),
jam:get-stdout(),
jam:end()</tt></pre>

<p>
The above query returns the xs:string:
</p>

<pre>
<tt xml:space="preserve">  "The time is now: &amp;#13;&amp;#10;1147140123010&amp;#13;&amp;#10;".</tt></pre>

<p>
OK, technically it returns the sequence:
</p>

<pre>
<tt xml:space="preserve">  ( (), (), "The time is now: &amp;#13;&amp;#10;1147140123010&amp;#13;&amp;#10;", () )</tt></pre>

<p>
But that gets normalized down to just the string value.
</p>


<h4>jam:get-stderr() &amp; jam:get-stderr-in()</h4>

<p>
The <tt>jam:get-stderr()</tt> function operates just like <tt>jam:get-stdout()</tt> except it
returns standard error output written using BeanShell's <tt>error()</tt> function.  It
too, due to BeanShell limitations, can't capture <tt>System.err.println()</tt> output.
The <tt>jam:get-stdout-in()</tt> and <tt>jam:get-stderr-in()</tt> functions do what, by now, you
naturally expect.
</p>


<h4>jam:source() &amp; jam:source-in()</h4>

<p>
The <tt>jam:source()</tt> function loads the named BeanShell source file, useful for
loading useful functions or data into the BeanShell context.  Beware that the
source file path is based on the server filesystem, not the client's.  Also
beware that windows paths must begin with the drive letter.  To demonstrate,
the following example shows how a loadme.bsh on the server could expose a new
function for the client to call:
</p>

<pre>
<tt xml:space="preserve">jam:start("http://localhost:8080", "mljam", "secret"),
jam:source("c:\packages\beanshell-2.0b4\loadme.bsh"),
jam:eval('
  greatnewcall("The loadme.bsh provided this new call");
'),
jam:end()</tt></pre>

<p>
Using the <tt>jam:source()</tt> function supports an architecture where numerous,
possibly scattered, XQuery clients can each load the same .bsh file on the
server and gain access to its functions without having to ever see (or
maintain) its source code.
</p>


<h4>jam:end() &amp; jam:end-in()</h4>

<p>
Always last, but definitely not least, we have the <tt>jam:end()</tt> function.  This
function is how you should end all your MLJAM interactions, unless you
specifically want the remote Java context to persist for later use.  Calling
<tt>jam:end()</tt> allows the server to garbage collect the resources held by the
context.  If you forget, the server does run periodic sweeps to end contexts
that haven't been touched within a period of time.  However, for any context
that consumes a large amount of memory (by doing anything with long strings or
binary nodes) calling <tt>jam:end()</tt> should be considered mandatory.
</p>


<h3>Sample Applications</h3>

<p>
The best way to learn a library is by seeing it in action, so let's take a
quick tour of some practical functions built with MLJAM.  Each of these comes
from the <tt>jam-utils.xqy</tt> module distributed along with MLJAM.
</p>

<p>
You'll notice in the examples we never call <tt>jam:start()</tt> or <tt>jam:end()</tt>.  In
<tt>jam-utils.xqy</tt> we expect the caller of the function to perform the setup and
tear down.  That way the library can remain decoupled from the web service
address it actually connects to (and as a bonus the same setup can apply to a
long series of functions).
</p>


<h3>Extracting Metadata from a JPEG</h3>

<p>
Our first example returns the metadata held within the given image.  It
returns an XML &lt;metadata&gt; root element holding &lt;directory&gt; elements each of
which holds numerous &lt;tag&gt; elements.  For example:
</p>

<pre>
<tt xml:space="preserve">&lt;exif&gt;
  &lt;metadata&gt;
    &lt;directory name="Exif"&gt;
      &lt;tag name="Make"&gt;Canon&lt;/tag&gt;
      &lt;tag name="Model"&gt;Canon EOS D30&lt;/tag&gt;
      &lt;tag name="Date/Time"&gt;2002:07:04 19:02:52&lt;/tag&gt;
      ...
    &lt;/directory&gt;
    &lt;directory name="Canon Makernote"&gt;
      &lt;tag name="Macro Mode"&gt;Normal&lt;/tag&gt;
      &lt;tag name="Self Timer Delay"&gt;Self timer not used&lt;/tag&gt;
      &lt;tag name="Focus Mode"&gt;One-shot&lt;/tag&gt;
      ...
    &lt;/directory&gt;
    &lt;directory name="Jpeg"&gt;
      &lt;tag name="Data Precision"&gt;8 bits&lt;/tag&gt;
      &lt;tag name="Image Height"&gt;1080 pixels&lt;/tag&gt;
      &lt;tag name="Image Width"&gt;720 pixels&lt;/tag&gt;
      ...
    &lt;/directory&gt;
  &lt;/metadata&gt;
&lt;/exif&gt;</tt></pre>

<p>
The code, shown below, uses the public domain com.drew.metadata Java library
available from
<a href="http://www.drewnoakes.com/code/exif/">http://www.drewnoakes.com/code/exif/</a>
(and also distributed with MLJAM).
</p>

<pre>
<tt xml:space="preserve">define function jamu:get-jpeg-metadata($img as binary()) as element(metadata)
{{
  jam:set("exifimg", $img),
  jam:eval-get('{{

    import com.drew.metadata.*;
    import com.drew.metadata.exif.*;
    import com.drew.imaging.jpeg.*;
    import org.jdom.Element;
    import java.util.*;

    InputStream in = new ByteArrayInputStream(exifimg);
    Metadata jmr = JpegMetadataReader.readMetadata(in);
    Iterator directories = jmr.getDirectoryIterator();

    Element exif = new Element("metadata");
    while (directories.hasNext()) {{
        Directory directory = (Directory)directories.next();
        Element dir = new Element("directory");
        dir.setAttribute("name", directory.getName());
        exif.addContent(dir);
        Iterator tags = directory.getTagIterator();
        while (tags.hasNext()) {{
            Tag tag = (Tag)tags.next();
            Element t = new Element("tag");
            dir.addContent(t);
            t.setAttribute("name", tag.getTagName());
            t.setText(tag.getDescription());
        }}
    }}
    exif;  // return this

  }}')
}}</tt></pre>

<p>
The first line uses <tt>jam:set()</tt> to send the <tt>binary()</tt> image to the server as the
"exifimg" variable.  Per the <tt>jam:set()</tt> type mapping, an XQuery <tt>binary()</tt> node
becomes a Java <tt>byte[]</tt>.
</p>

<p>
The remainder of the function executes Java code that loops over the
"directories" held within the image and builds from the directories a JDOM
structure.  Because the function invoked the Java code using <tt>jam:eval-get()</tt> it
can retrieve the value from the last statement, which in this case is the
"exif" variable, a JDOM Element.  The <tt>jam:get()</tt> type mapping dictates a JDOM
Element becomes an <tt>element()</tt> node when received by XQuery.
</p>

<p>
We surround the code using single quotes.  That way the double quotes within
the Java don't cause problems.  We surround the code with curly braces so that
it runs as an isolated Java code block, and that limits the scope of the
variables created within.
</p>


<h3>Applying an XSLT Stylesheet</h3>

<p>
Our next example applies an XSLT stylesheet against a passed-in node and
returns the result as a document.
</p>

<pre>
<tt xml:space="preserve">define function jamu:xslt-sheet($node as node(), $sheet as element())
as document-node()
{{
  jam:set("xsltnode", $node),
  jam:set("xsltsheet", $sheet),

  let $retval :=
  jam:eval-get('{{

    import javax.xml.transform.*;
    import javax.xml.transform.stream.StreamSource;
    import javax.xml.transform.stream.StreamResult;

    Templates templates =
      TransformerFactory.newInstance().newTemplates(
                           new StreamSource(
                           new StringReader(xsltsheet)));

    StreamSource source = new StreamSource(
                          new StringReader(xsltnode));

    ByteArrayOutputStream baos = new ByteArrayOutputStream(10240);
    StreamResult result = new StreamResult(baos);

    templates.newTransformer().transform(source, result);
    baos.toByteArray();  // return this

  }}')
  return xdmp:unquote(xdmp:quote($retval))
}}</tt></pre>

<p>
The processing takes place in the remote Java context using Java's JAXP and
TrAX libraries.  The code follows the common pattern: the function first
passes its function parameters to the Java context (XQuery nodes become Java
Strings), then runs a <tt>jam:eval-get()</tt> call to execute Java code and fetch the
value of the last statement as the result.  The result in this case is a
<tt>byte[]</tt>, visible to XQuery as a <tt>binary()</tt> node.  Now, we want to return a
<tt>document-node()</tt>, not a <tt>binary()</tt>, so we do a little quote/unquote work on it to
convert the <tt>binary()</tt> to a string, then to a <tt>document-node()</tt>.
</p>

<p>
When using this function, it's best to have the stylesheet dictate
<tt>&lt;xsl:output method="xml" encoding="UTF-8"/&gt;</tt>
so that JAXP knows the results should be XML not HTML.  Also, remember that
because the stylesheet is passed in as an argument itself, the sheet
won't be able to resolve external resources.  This could be fixed with a
version that ran from a file on the server, for example.
</p>


<h3>Generating a PDF</h3>

<p>
The last example we'll look at here (there are more in <tt>jam-utils.xqy</tt>) accepts
an XSL-FO element and returns a generated PDF document built using the new
Apache FOP 0.92.
</p>

<pre>
<tt xml:space="preserve">define function jamu:fop($xslfo as element()) as binary()
{{
  jam:set("xslfo", $xslfo),
  jam:eval-get('{{

    import org.apache.fop.apps.*;
    import javax.xml.transform.*;
    import javax.xml.transform.sax.SAXResult;
    import javax.xml.transform.stream.StreamSource;
    import org.xml.sax.*;

    Transformer trans = TransformerFactory.newInstance().newTransformer();

    Source source = new StreamSource(new StringReader(xslfo));

    FopFactory fopFactory = FopFactory.newInstance();
    ByteArrayOutputStream baos = new ByteArrayOutputStream(10240);
    Fop fop = fopFactory.newFop(MimeConstants.MIME_PDF, baos);

    Result res = new SAXResult(fop.getDefaultHandler());
    trans.transform(source, res);

    baos.toByteArray();  // return this

  }}')
}}</tt></pre>

<p>
This code looks a lot like the previous example because FOP does all its work
with TrAX.  The difference: it uses FOP's <tt>DefaultHandler</tt> to receive the SAX
events and produce a PDF captured to the <tt>ByteArrayOutputStream</tt>.  That byte[]
comes back to XQuery as a <tt>binary()</tt>, and that's a perfect holder for our PDF.
</p>


<h3>An Enhanced Position for XQuery</h3>

<p>
At the lowest-level, the MLJAM library gives XQuery a little muscle it
wouldn't otherwise have.  It provides a vehicle for the manipulation of
binaries (which XQuery isn't very good at), and makes even String, numeric, or
XML manipulation easier when the task is complicated and there's a
pre-existing Java library practically begging to be used (witness XSLT
transformations or MD5 hashing).
</p>

<p>
At a higher-level, however, the MLJAM library (in conjunction with MLSQL) may
enhance the position XQuery holds in MarkLogic Server web application
architectures.  (Bear in mind this is only the personal opinion of the
authors.)
</p>

<p>
There's probably a 50/50 split right now in customer projects that use XQuery
as the primary web page scripting language and those that use Java or .NET as
primary (and use XDBC/XCC to drive the XQuery).
</p>

<p>
The customers who choose XQuery generally do so because it enables rapid and
agile development.  It's a beautiful thing when the language of the web page
(XQuery) perfectly matches the language of the back-end (XML), and natively
understands the language of the front-end to boot (XHTML).  Without an
impedence mismatch on either the front or back end, development chugs along
quickly.
</p>

<img src="/media/2006-05-mljam-images/mljam-xqy-arch.jpg" alt="architecture"/>

<p>
The customers who choose Java/.NET sometimes do it because it fits into their
existing J2EE or .NET stack.  For these customers there will be no change.
They need to use XDBC (now XCC) to drive XQuery from Java or .NET.
</p>

<img src="/media/2006-05-mljam-images/mljam-jsp-arch.jpg" alt="architecture"/>
<p>
However, some customers have had the desire to use XQuery as the primary web
page language, but haven't felt they had the option.  They've had requirements
that a pure XQuery web framework couldn't handle alone -- credit card billing,
relational database integration, PDF generation -- exactly the things that
XQuery can now control via MLJAM and MLSQL.
</p>

<p>
This is why we (Jason and Ryan) wrote the libraries.  We have projects like
this.  Instead of Java driving XQuery, we want XQuery to drive Java.  We want
the option to use XQuery as a primary web page language, with its simpler and
more agile architecture, but keep the ability to access into Java or a
relational system when something's better done there.  In this model, XQuery
becomes the glue language: for querying and manipulating XML managed by
MarkLogic, for rendering XHTML web pages or PDF documents, for easy
integration with a relational system, or for a quick call into Java to do
something special.
</p>

<img src="/media/2006-05-mljam-images/mljam-new-arch.jpg" alt="architecture"/>


<h3>Installation and Security</h3>

<p>
Installing MLJAM requires a few simple steps:
</p>

<p>
First, expose the <tt>jam.xqy</tt> library module to your XQuery code.  This
usually requires copying the file into your HTTP server root directory, but
depending on configuration might require loading into the server's modules
database.  You may want to install <tt>jam-utils.xqy</tt> while you're at it
so you can take advantage of that set of pre-defined utility functions.
</p>

<p>
Second, install the servlet code.  The distribution includes a build directory
containing the web application root.  Copy this to your servlet engine's
webapps directory or adjust the server's configuration to point at the
directory as a web application root.  (If you don't have a servlet engine,
Jetty is an free server that's easy to install and configure.)
</p>

<p>
Important: If you install MLJAM in the webapps directory as
<tt>.../webapps/mljam</tt> then your access URL will need to be
<tt>http://localhost:8080/mljam/mljam</tt>.  The first <tt>/mljam</tt> is the
application context path; the second is the servlet name.  The examples in
this tutorial use <tt>http://localhost:8080/mljam</tt> which assumes MLJAM
gets installed in the root context so the first <tt>/mljam</tt> isn't
necessary.
</p>

<p>

Third, configure security.  By default the servlet responds to anyone who
makes a connection.  You can and should restrict this in three ways.  First, a
tool like tcpwrappers can ensure connections are only accepted from specific
hosts (like localhost).  Second, you can configure the servlet to require
login credentials.  The second half of the <tt>web.xml</tt> file includes a
commented out section that enables security by restricting access to users in
the <tt>mljam</tt> role.  You'll need to uncomment this and create a user with
the <tt>mljam</tt> role in your web server.  Exactly how to do that varies by
web server.  Third, you can configure the Java servlet to operate under a
security policy that restricts what actions the BeanShell code can perform.
You can remove its ability to access the filesystem or invoke other programs,
for example.  See <a href="http://tomcat.apache.org/tomcat-5.0-doc/security-manager-howto.html">http://tomcat.apache.org/tomcat-5.0-doc/security-manager-howto.html</a>
for a discussion on how to configure Tomcat 5 with a restrictive security
policy.

</p>

<p>
Fourth, test the servlet's URL.  Try making a basic web request to the MLJAM
servlet.  The URL will be something like <tt>http://localhost:8080/mljam/...</tt>
depending on where and how your servlet engine is configured.  You'll know
it's listening when a request like
<tt>http://localhost:8080/mljam/123/get?name=mljamid</tt> returns the context
id "123" (<tt>mljamid</tt> is a special variable used by the context
to remember its name).  The context will be created automatically on first
use.
</p>

<p>
Fifth, try a basic query:
</p>

<pre>
<tt xml:space="preserve">import module namespace jam = "http://xqdev.com/jam"
 at "jam.xqy"
jam:start("http://localhost:8080/mljam", "mljam", "secret"),
jam:eval-get("1+1"),
jam:end()</tt></pre>

<br/>
<p>
You might need to adjust the "at" depending on where you placed the library
module.  If it prints <tt>2</tt> you've got a successful install.
</p>

<p>
Now have fun!
</p>




<h3>Performance</h3>

<p>
How fast does MLJAM operate?  It depends of course on your system.  On a
three-year-old midrange laptop, connecting locally between MarkLogic Server
and the MLJAM servlet running under Tomcat 5, we've seen latency times of
10ms.  Sustained transfer speeds vary depend on the type of content and
direction of communication.  String content moves at about 5 Megabytes per
second between the servers.  Binaries move much faster from the servlet to
MarkLogic, up to 20 Megabytes per second, because there's very little
overhead.  However, binaries move significantly slower from MarkLogic to the
servlet -- approximately 2 Megabytes per second -- because xdmp:http-post()
doesn't allow for pure binary() POST bodies and the binary nodes have to be
hex encoded for sending and then decoded in Java.
</p>

<p>
Within the servlet, the BeanShell code execution speed will be a little slower
than usual Java (due to parsing overhead), but as soon as the BeanShell code
calls into JAR code the speed should exactly match a regular Java program.
</p>

<p>
We've seen Java performance improve over time on long running servers.  That's
probably because on a long running process the HotSpot JVM can optimize the
heavily used code paths.
</p>

<p>
<i>
The wire protocol for MLJAM is documented in an accompanying article
<a href="2006-05-mljam-protocol">MLJAM: Wire Protocol Documentation</a>.
</i>
</p>
  </ml:body>
</ml:Article>