<?xml version="1.0" encoding="UTF-8"?><ml:Article type="Tutorial" xmlns:ml="http://developer.marklogic.com/site/internal" xmlns="http://www.w3.org/1999/xhtml">
  <ml:title>MLJAM: Wire Protocol Documentation</ml:title>
  <ml:author>Jason Hunter</ml:author>
  <ml:last-updated>2006-05-10</ml:last-updated>
  <ml:body>
<p>
This article describes the wire protocol between the client and server.  It's
documented here for completeness and to aid the project's ongoing development.
Casual, and even expert, users do not need to understand the wire protocol,
and the protocol is always subject to change.
</p>

<p>
The XQuery client drives the interaction using <tt>xdmp:http-get()</tt> and
<tt>xdmp:http-post()</tt> calls to the remote Java server.  Each request includes:
</p>

<ul>
      <li>The context id</li>
      <li>An action verb</li>
      <li>An optional name parameter in the query string</li>
      <li>An optional POST body holding code or data</li>
    </ul>

<p>
Requested URLs always follow this pattern:
<tt>http://localhost:8080/mljam/<i>contextid</i>/<i>verb</i></tt>.  The <tt>/mljam</tt> portion of tha path
matches the servlet, the part after containing the context id and verb is
extra path info.
</p>


<h3>Start</h3>

<p>
The <tt>jam:start()</tt> function doesn't actually connect on the wire.  Instead, it
creates an internal hashmap (actually represented in XML) to remember the
mapping between context ids and web locations.  If the caller doesn't provide
a context id, the function generates a random one for the session.
</p>

<h3>Set</h3>

<p>
The <tt>jam:set()</tt> function makes a POST request to the server, sending the
variable name in the query string and the value in the request body.  It may
choose from a handful of verbs.  It uses <tt>set-string</tt> when the body contains a
string; <tt>set-binary</tt> when the body contains binary content.  For other data
types (such as numerics, dates, durations, etc) it uses the <tt>eval</tt> verb and
sends BeanShell script code to the server.  The server executes this code to
assign the variable.
</p>

<p>
This little trick makes it easy to pass complicated data structures to the
server without a lot of custom parsing or protocol work.  It's a technique
that's too expensive for large strings or binaries, which is why there are the
set-string and set-binary optimizations.
</p>

<p>
The request returns 204 (No Content) on success, indicating to the client no
action is necessary and to return empty().
</p>

<p>
Here, for example, is a simplified version of what goes over the wire to the
server during a call to <tt>jam:set-in("str", "Literal string", "12345")</tt>:
</p>

<pre>
<tt xml:space="preserve">POST http://localhost:8080/12345/set-string?name=str

Literal string</tt></pre>

<p>
If instead the call had been
<tt>jam:set-in("str", (xs:double(1), xs:integer(2)), "12345")</tt> we'd see:
</p>

<pre>
<tt xml:space="preserve">POST http://localhost:8080/12345/eval

unset("str"); str = new Object[] {{ 1D, 2L }};</tt></pre>

<h3>Eval</h3>

<p>
The <tt>jam:eval()</tt> function makes a POST request to the server sending in its
request body the Java code for evaluation.  The server doesn't care if the
<tt>eval</tt> verb was used to set a variable or just execute code.  The server
returns a 204 (No Content) status code on success.  On error?  We'll discuss
that at the end.
</p>

<h3>Get</h3>

<p>
The <tt>jam:get()</tt> function is one of the few actions using the HTTP GET method.
It issues a GET request and passes the variable name as the "name" parameter
on the query string.
</p>

<p>
The response from the server to the client depends on the type of variable
held by Java.  If it's a string, the server sends a response with the string
in the response body and a content type of <tt>text/plain; charset-UTF-8</tt>.  That
way MarkLogic knows to process it as a string.  If it's a binary, the server
sends the bytes in the body and a content type of
<tt>application/binary-encoded</tt>.  For any other type, it sends executable XQuery
in the response, using a content type of <tt>x-marklogic/xquery</tt>.  That custom
type tells the <tt>jam.xqy</tt> client to evaluate the response body in order to get
the value.  It's the same trick used in <tt>jam:set()</tt> but in the opposite
direction.  The status code 200 (OK) indicates success.
</p>

<p>
For example:
</p>

<pre>
<tt xml:space="preserve">GET http://localhost:8080/mljam/12345/get?name=x

200 OK
Content-type: x-marklogic/xquery

(xs:double(1), "somestring")</tt></pre>


<blockquote>
<h3>Security of Code Passing</h3>

<p>
Is it safe to pass a data value as a code string to evaluate?  Normally not.
But this situation is a little different than normal.
</p>

<p>
We're deliberately creating a server designed to execute arbitrary code passed
in from a client.  The server in this scenario must completely trust the
client (and restrict access for all other untrustworthy clients).  We're not
opening up any additional risk or requiring any more trust by doing
XQuery -&gt; Java variable sets using code.
</p>

<p>
Doing the opposite, sending XQuery code to the client for evaluation, does
raise the trust level required by the client.  Sending code to the client
requires the client trust the server as much as the server trusts the client.
Can we make that assumption?  For the environments where we envision MLJAM, we
think so.  The same trust happens in Ajax when a JavaScript client talks to
its server using JSON.
</p>

</blockquote>


<h3>Eval-get</h3>

<p>
The <tt>jam:eval-get()</tt> function is a simple hybrid: it sends the code to the
server using POST just like jam:eval() but returns a response body just like
jam:get().
</p>

<h3>Unset</h3>

<p>
The <tt>jam:unset()</tt> function sends a POST request including a name parameter in
the query string specifying the variable to unset.  It uses POST, rather than
GET, because it changes the server state in a possibly destructive way.  It
returns a 204 (No Content) status code.
</p>

<h3>Get-stdout and Get-stderr</h3>

<p>
The <tt>jam:get-stdout()</tt> and <tt>jam:get-stderr()</tt> functions make simple GET requests
using the verbs get-stdout or get-stderr.  The server returns the string value
in the response body with a content type <tt>text/plain; charset=UTF-8</tt>.
</p>

<h3>Source</h3>

<p>
The <tt>jam:source()</tt> function sends a POST request using the verb <tt>source</tt> and
provides the name of the file to source as the name parameter in the query
string.  The server returns 204 (No Content) on success.
</p>

<h3>End</h3>

<p>
The <tt>jam:end()</tt> function makes a simple POST request to the server using the
<tt>end</tt> verb.  The request doesn't include a request body.  After removing the
associated Interpreter from the internal memory, the server returns 204 (No
Content).
</p>

<h3>Errors</h3>

<p>
Should the server ever need to send an error to the client (in response to any
of the above calls) it does so by setting the status code to 200 (OK), setting
the content type to <tt>x-marklogic/xquery</tt>, and sending a response body holding an
<tt>error()</tt> call for the client to evaluate.  For example:
</p>

<pre>
<tt xml:space="preserve">200 OK
Content-type: x-marklogic/xquery

error('Token Parsing Error: Lexical error at line 2, column 29')</tt></pre>

<p>
This naturally causes the client to generate the specified error.
</p>
  </ml:body>
</ml:Article>