<?xml version="1.0" encoding="UTF-8"?><ml:Article type="Tutorial" xmlns:ml="http://developer.marklogic.com/site/internal" xmlns="http://www.w3.org/1999/xhtml">
  <ml:title>Using XML Schema with MarkLogic Server</ml:title>
  <ml:author>Michael Blakeley</ml:author>

  <ml:created>2009-06-12</ml:created>
  <ml:last-updated/>

  <ml:topics>
  </ml:topics>

  <!-- if empty or absent, will use the first paragraph -->
  <ml:abstract/>

  <ml:body>
<p>
In this tutorial, we will learn how to load an XML Schema
into MarkLogic Server, and verify that it is working as expected.
This can be somewhat tricky for first-time users,
but is easy once you've seen how it's done.
</p>

<a name="Introduction"></a>
<h3>Why use XML Schema?</h3>

<p>
<a href="http://www.w3.org/XML/Schema">XML Schema</a>
provides a standard way
to associate XML nodes with particular data types.
XML Schema defines its own
<a href="http://www.w3.org/TR/xmlschema-2/">datatypes</a> for XML,
and also provides for user-defined datatypes. 
For example, we might use a Schema to tell MarkLogic Server
that elements named <code>Year</code> always contain unsigned integers.
Thus, element <code>Year</code> is of type <code>unsignedInt</code>.
</p>

<p>
This association of an element with a type can be very useful.
Suppose we have a simple FLWOR expression, with an order-by clause.
</p>

<div class="code-block"><pre class="nested-code-block" xml:space="preserve">(: simple sort :)
for $i in doc()/Record
order by $i/Year descending, $i/Month descending
return $i
</pre></div>

<p>In the absence of an XML Schema, these records will be sorted
using the Year and Month elements <i>as <code>xs:string</code></i>.
Strings are sorted by UTF-8 codepoint,
so the results might not be what we'd like.
</p>

<div class="code-block"><pre class="nested-code-block" xml:space="preserve">(: sorting Month as string :)
&lt;Record&gt;
  &lt;Year&gt;2006&lt;/Year&gt;
  &lt;Month&gt;12&lt;/Month&gt;
&lt;/Record&gt;
&lt;Record&gt;
  &lt;Year&gt;2006&lt;/Year&gt;
  &lt;Month&gt;5&lt;/Month&gt;
&lt;/Record&gt;
&lt;Record&gt;
  &lt;Year&gt;2006&lt;/Year&gt;
  &lt;Month&gt;6&lt;/Month&gt;
&lt;/Record&gt;
</pre></div>

<p>The records aren't in the order we wanted:
apparently, December comes before May.
Our XQuery evaluator doesn't know what the datatype of Month is,
so it assumes a string. The UTF-8 character "1" comes before "5" and "6".
</p>

<p>
This is exactly how XQuery is supposed to behave,
in the absence of datatype information.
We could fix this by constructing a numeric type explicitly.
</p>

<div class="code-block"><pre class="nested-code-block" xml:space="preserve">
let $n := &lt;Month&gt;12&lt;/Month&gt;
return xdmp:describe((data($n), xs:unsignedInt($n)))

(: results :)
(xs:untypedAtomic("12"), xs:unsignedInt("12"))
</pre></div>

<p>We can use
<code>xdmp:describe()</code> and <code>data()</code>
to determine the typed value of a node.
This is a valuable technique:
later on, we will use it to test our XML Schema.
</p>

<div class="code-block"><pre class="nested-code-block" xml:space="preserve">(: sort with explicit datatypes :)
for $i in doc()/Record
order by xs:unsignedInt($i/Year) descending,
  xs:unsignedInt($i/Month) descending
return $i
</pre></div>

<p>The results are now sorted correctly:</p>

<div class="code-block"><pre class="nested-code-block" xml:space="preserve">(: sorting Month as xs:unsignedInt :)
&lt;Record&gt;
  &lt;Year&gt;2006&lt;/Year&gt;
  &lt;Month&gt;5&lt;/Month&gt;
&lt;/Record&gt;
&lt;Record&gt;
  &lt;Year&gt;2006&lt;/Year&gt;
  &lt;Month&gt;6&lt;/Month&gt;
&lt;/Record&gt;
&lt;Record&gt;
  &lt;Year&gt;2006&lt;/Year&gt;
  &lt;Month&gt;12&lt;/Month&gt;
&lt;/Record&gt;
</pre></div>

<p>
It would be nicer if MarkLogic Server automatically knew
the correct datatype for the <code>Month</code> element
- and the correct datatype for all of our elements.
To give MarkLogic Server that information, we can use an XML Schema.
</p>

<p>
XML Schema definitions are, themselves, XML documents.
We can tell MarkLogic Server about our schema by loading it
into a special <i>schema database</i>. Every MarkLogic Server database
(or contentbase) is associated with its own <i>schema database</i>.
By default, this is a predefined database,
coincidentally named <code>Schemas</code>.
There is rarely any reason to change that setting.
</p>

<p>
Before we get started, there's one more thing we should know 
about XML Schema and MarkLogic Server.
They work best when our XML uses a default element namespace.
Schemas can have a target namespace, so setting a default element namespace
allows us to have multiple schemas, and automatically apply the correct
schema to the correct content.
For example, <code>Month</code> in one document
might always be an <code>unsignedInt</code>,
while <code>Month</code> in another document
might be a <code>string</code>.
Element namespaces help us organize these different datatypes.
</p>

<a name="XML Content and Schema"></a>
<h3>XML Content and Schema</h3>

<p>
With that in mind, let's introduce our XML content,
and a Schema for that content. We will start with the Schema.
This is important: MarkLogic Server stores any Schema information
when it indexes your documents. Thus, the Schema should already be in
your Schemas database before you insert the first document.
If you change the Schema later, you may need to re-insert your documents.
</p>

<div class="code-block"><pre class="nested-code-block" xml:space="preserve">&lt;!-- tutorial.xsd --&gt;
&lt;xs:schema targetNamespace="http://marklogic.com/tutorial"
 attributeFormDefault="unqualified"
 elementFormDefault="unqualified"
 xmlns:xs="http://www.w3.org/2001/XMLSchema"
 xmlns:tutorial="http://marklogic.com/tutorial"
 xmlns="http://marklogic.com/tutorial"&gt;
  &lt;xs:element name="name" type="xs:token"
   abstract="false" nillable="false"/&gt;
  &lt;xs:element name="qualification" type="xs:token"
   abstract="false" nillable="false"/&gt;
  &lt;xs:element name="born" type="xs:date"
   abstract="false" nillable="false"/&gt;
  &lt;xs:element name="dead" type="xs:date"
   abstract="false" nillable="false"/&gt;
  &lt;xs:element name="isbn" type="xs:unsignedLong"
   abstract="false" nillable="false"/&gt;
  &lt;xs:attribute name="id" type="xs:ID"/&gt;
  &lt;xs:attribute name="available" type="xs:boolean"/&gt;
  &lt;xs:attribute name="lang" type="xs:language"/&gt;
  &lt;xs:element name="title" abstract="false" nillable="false"&gt;
    &lt;xs:complexType mixed="false"&gt;
      &lt;xs:simpleContent&gt;
	&lt;xs:extension base="xs:token"&gt;
	  &lt;xs:attribute ref="lang" use="optional"/&gt;
	&lt;/xs:extension&gt;
      &lt;/xs:simpleContent&gt;
    &lt;/xs:complexType&gt;
  &lt;/xs:element&gt;
  &lt;xs:element name="library" abstract="false" nillable="false"&gt;
    &lt;xs:complexType mixed="false"&gt;
      &lt;xs:sequence minOccurs="1" maxOccurs="1"&gt;
	&lt;xs:element ref="book" maxOccurs="unbounded" minOccurs="1"/&gt;
      &lt;/xs:sequence&gt;
    &lt;/xs:complexType&gt;
  &lt;/xs:element&gt;
  &lt;xs:element name="author" abstract="false" nillable="false"&gt;
    &lt;xs:complexType mixed="false"&gt;
      &lt;xs:sequence minOccurs="1" maxOccurs="1"&gt;
	&lt;xs:element ref="name" minOccurs="1" maxOccurs="1"/&gt;
	&lt;xs:element ref="born" minOccurs="1" maxOccurs="1"/&gt;
	&lt;xs:element ref="dead" minOccurs="0" maxOccurs="1"/&gt;
      &lt;/xs:sequence&gt;
      &lt;xs:attribute ref="id" use="optional"/&gt;
    &lt;/xs:complexType&gt;
  &lt;/xs:element&gt;
  &lt;xs:element name="book" abstract="false" nillable="false"&gt;
    &lt;xs:complexType mixed="false"&gt;
      &lt;xs:sequence minOccurs="1" maxOccurs="1"&gt;
	&lt;xs:element ref="isbn" minOccurs="1" maxOccurs="1"/&gt;
	&lt;xs:element ref="title" minOccurs="1" maxOccurs="1"/&gt;
	&lt;xs:element ref="author" minOccurs="0"
   maxOccurs="unbounded"/&gt;
	&lt;xs:element ref="character" minOccurs="0"
   maxOccurs="unbounded"/&gt;
      &lt;/xs:sequence&gt;
      &lt;xs:attribute ref="id" use="optional"/&gt;
      &lt;xs:attribute ref="available" use="optional"/&gt;
    &lt;/xs:complexType&gt;
  &lt;/xs:element&gt;
  &lt;xs:element name="character" abstract="false" nillable="false"&gt;
    &lt;xs:complexType mixed="false"&gt;
      &lt;xs:sequence minOccurs="1" maxOccurs="1"&gt;
	&lt;xs:element ref="name" minOccurs="1" maxOccurs="1"/&gt;
	&lt;xs:element ref="born" minOccurs="1" maxOccurs="1"/&gt;
	&lt;xs:element ref="qualification" minOccurs="1"
   maxOccurs="1"/&gt;
      &lt;/xs:sequence&gt;
      &lt;xs:attribute ref="id" use="optional"/&gt;
    &lt;/xs:complexType&gt;
  &lt;/xs:element&gt;
&lt;/xs:schema&gt;
</pre></div>

<p>
XML Schema is fairly easy to read. In this schema, we can see
that each element or attribute is represented, along with its name,
type, and the number of times it must or can occur.
For example, the <code>available</code> attribute is boolean,
and occurs optionally on the <code>book</code> element.
</p>

<p>It's important to note one thing about this schema, though.
It has an <code>xsi:targetNamespace</code> attribute.
This attribute means that this schema applies to elements
in the target namespace. This schema will not apply to elements
in any other namespace (including the empty namespace).
</p>

<p>
Copy the Schema XML, and save it to a file named <code>tutorial.xsd</code>.
NOTE: If you are using Notepad or another Windows program,
make sure you don't end up with something like <code>tutorial.xsd.txt</code>.
</p>

<p>
Loading our <code>tutorial.xsd</code> is simple. We need to insert it into
our Schemas database, and we must make sure that its document URI
will be <code>tutorial.xsd</code>. If we put it into the wrong database,
or use the wrong URI, then the schema won't be associated with our documents.
</p>

<p>
We can load <code>tutorial.xsd</code> into the Schemas database in several ways.
If you are using
<a href="/code/">cq</a>,
then the simplest technique is to select a query buffer,
set the content-source to the Schemas database,
and call <code>xdmp:document-load()</code>.
In the following sample, adjust the fileystem path to tutorial.xsd
to match wherever you saved your copy.
</p>

<div class="code-block"><pre class="nested-code-block" xml:space="preserve">(: cq technique :)
(: NOTE - make sure the content-source is Schemas! :)
if (xdmp:database-name(xdmp:database()) ne 'Schemas')
then error(
  QName('', 'NOT-SCHEMAS'), 'make sure the content-source is Schemas')
else xdmp:document-load(
  '/your/filesystem/path/to/tutorial.xsd',
  &lt;options xmlns="xdmp:document-load"&gt;
    &lt;uri&gt;tutorial.xsd&lt;/uri&gt;
  &lt;/options&gt;
)
</pre></div>

<p>
When you evaluate this query, the results should be empty.
To see if the document is in the Schemas database,
you could query <code>doc('couse.xsd')</code>
(with the content-source still set to Schemas).
You should see the contents of the XML Schema.
</p>

<p>
With the Schema loaded, we can now load some content.
</p>

<div class="code-block"><pre class="nested-code-block" xml:space="preserve">&lt;!-- tutorial.xml --&gt;
&lt;library xsi:schemaLocation="http://marklogic.com/tutorial tutorial.xsd"
 xmlns="http://marklogic.com/tutorial"&gt;
  &lt;book id="b0836217462" available="true"&gt;
    &lt;isbn&gt;
      0836217462
    &lt;/isbn&gt;
    &lt;title lang="en"&gt;
      Being a Dog Is a Full-Time Job
    &lt;/title&gt;
    &lt;author id="CMS"&gt;
      &lt;name&gt;
        Charles M Schulz
      &lt;/name&gt;
      &lt;born&gt;
        1922-11-26
      &lt;/born&gt;
      &lt;dead&gt;
        2000-02-12
      &lt;/dead&gt;
    &lt;/author&gt;
    &lt;character id="PP"&gt;
      &lt;name&gt;
        Peppermint Patty
      &lt;/name&gt;
      &lt;born&gt;
        1966-08-22
      &lt;/born&gt;
      &lt;qualification&gt;
        bold, brash and tomboyish
      &lt;/qualification&gt;
    &lt;/character&gt;
    &lt;character id="Snoopy"&gt;
      &lt;name&gt;
        Snoopy
      &lt;/name&gt;
      &lt;born&gt;
        1950-10-04
      &lt;/born&gt;
      &lt;qualification&gt;
        extroverted beagle
      &lt;/qualification&gt;
    &lt;/character&gt;
    &lt;character id="Schroeder"&gt;
      &lt;name&gt;
        Schroeder
      &lt;/name&gt;
      &lt;born&gt;
        1951-05-30
      &lt;/born&gt;
      &lt;qualification&gt;
        brought classical music to the Peanuts strip
      &lt;/qualification&gt;
    &lt;/character&gt;
    &lt;character id="Lucy"&gt;
      &lt;name&gt;
        Lucy
      &lt;/name&gt;
      &lt;born&gt;
        1952-03-03
      &lt;/born&gt;
      &lt;qualification&gt;
        bossy, crabby and selfish
      &lt;/qualification&gt;
    &lt;/character&gt;
  &lt;/book&gt;
&lt;/library&gt;
</pre></div>

<p>
Notice two things about this content. First, the <code>xmlns</code> attribute
matches the <code>targetNamespace</code> of our schema.
Second, the <code>xsi:schemaLocation</code> is a whitespace-delimited
attribute. The first part repeats the target namespace of our schema.
The second part is the document URI of the schema.
Both parts must match the <code>tutorial.xsd</code>,
which we loaded into the Schemas database.
</p>

<p>
Copy this XML into a new file, called <code>tutorial.xml</code>.
Load it into your content database using <code>xdmp:document-load()</code>.
This time, your content-source should be the built-in Documents database
(if you have already created a database of your own, you can use it too).
</p>

<div class="code-block"><pre class="nested-code-block" xml:space="preserve">(: load tutorial.xml :)
xdmp:document-load(
  '/your/filesystem/path/to/tutorial.xml',
  &lt;options xmlns="xdmp:document-load"&gt;
    &lt;uri&gt;tutorial.xml&lt;/uri&gt;
  &lt;/options&gt;
)
</pre></div>

<p>Again, you can test to see if the document loaded correctly
by querying <code>doc('tutorial.xml')</code>.
But how can we tell if the XML Schema is working?
</p>

<a name="testing"></a>
<h3>Testing the Schema</h3>

<p>
The easiest way to see if our Schema is working or not is to query
some element or attribute from <code>tutorial.xml</code>, and test its type
using <code>xdmp:describe()</code> and <code>data()</code>.
Let's try to use the <code>born</code> element,
which should be <code>xs:date</code>.
When we do this, we have to remember that
every element in <code>tutorial.xml</code>
is in the <code>http://marklogic.com/tutorial</code> namespace.
</p>

<div class="code-block"><pre class="nested-code-block" xml:space="preserve">(: is it working? :)
declare namespace mlt = "http://marklogic.com/tutorial";

xdmp:describe(data(
  doc('tutorial.xml')/mlt:library/mlt:book[1]/mlt:author[1]/mlt:born
))

(: results :)
xs:date("1922-11-26")
</pre></div>

<p>
This query should always return an atomic of type <code>xs:date</code>.
If your query returns the empty sequence,
then you probably have a namespace problem.
Maybe you mistyped the namespace URI,
or maybe you forgot the prefix on one or more of the XPath steps.
If your query returns an <code>xdt:untypedAtomic</code>,
then MarkLogic Server isn't finding <code>tutorial.xsd</code>.
Go back and make sure that you loaded it into the Schemas database,
and that the document URI is <code>tutorial.xsd</code>.
</p>

<p>Before we go, let's look at one more trick.
Now that we have a Schema in place, we can use it to validate
the data within an element. For example, look at what happens
if we try to put an invalid <code>xs:date</code> value
into a <code>born</code> element.
</p>

<div class="code-block"><pre class="nested-code-block" xml:space="preserve">(: is it working? :)
declare namespace mlt = "http://marklogic.com/tutorial";

data(&lt;mlt:born&gt;garbage&lt;/mlt:born&gt;)

(: error :)
XDMP-LEXVAL: xs:date("garbage") -- Invalid lexical value "garbage"
</pre></div>

<p>
If your application involves content updates,
you might take advantage of this technique to validate updates.
</p>

<p>Another useful technique with XML Schema is to query it,
just as we might query any other document.
For example, we can list all the elements of type <code>xs:date</code>.
This might be useful for planning element range indexes.
</p>

<div class="code-block"><pre class="nested-code-block" xml:space="preserve">
(: NOTE - make sure the content-source is Schemas! :)
if (xdmp:database-name(xdmp:database()) ne 'Schemas')
then error(
  QName('', 'NOT-SCHEMAS'), 'make sure the content-source is Schemas')
else doc('tutorial.xsd')
  /descendant::xs:element[ @type eq xs:QName('xs:date') ]
  /@name

(: results :)
born
dead
</pre></div>

<a name="conclusion"></a>
<h3>Conclusion</h3>

<p>
We hope this tutorial was useful and informative.
Our
<a href="http://developer.marklogic.com/pubs">Developers' Guide</a>
includes more information about XML Schema and MarkLogic Server.
</p>
  </ml:body>
</ml:Article>