<?xml version="1.0" encoding="UTF-8"?><ml:Article type="Tutorial" xmlns:ml="http://developer.marklogic.com/site/internal" xmlns="http://www.w3.org/1999/xhtml">
  <ml:title>Introduction to XSLTForms</ml:title>
  <ml:author><a href="http://www.agencxml.com">Alain Couthures</a></ml:author>
  <ml:author>Micah Dubinko</ml:author>
  <ml:last-updated>2009-11-13</ml:last-updated>
  <ml:body>
<p>
While XForms is a great way to build information-centric web apps, conventional wisdom has held
that it falls short when it comes to browser support. A new crop of XForms engines,
however, are built on JavaScript and other client-side technologies. In effect, these turn any
modern browser, as far back as IE6, into an XForms platform.
</p>

<p><i>For more on XForms development, and why it's important, see the article
<a href="http://www.oreillynet.com/xml/blog/2008/05/xrx_a_simple_elegant_disruptiv_1.html">XRX: Simple, Elegant, Disruptive</a>.</i></p>

<p>
One such engine, <a href="http://sourceforge.net/projects/xsltforms/">XSLTForms</a>, takes standard
XForms markup as input converts it into HTML, JavaScript, and CSS that browsers already understand
by taking advantage of the XSLT engine already built in to the browser you're using right now.
Internally the XForms and parts of the CSS and XML Schema get compiled into optimized JavaScript
objects that are manipulated by an included script library. This approach has a few limitations:
security restrictions prevent local file saving for instance, but in general this engine provides
everything XForms authors expect.
</p>

<h3>
Where can I get it?
</h3>

<p>
XSLTForms is an open source, LGPL licensed, project hosted by SourceForge.net
(<a href="https://xsltforms.svn.sourceforge.net/svnroot/xsltforms/">link</a>), with a separately
hosted <a href="http://www.agencexml.com/xsltforms">project page</a>.

An older copy ships with MarkLogic server starting with version 4.1.
</p>

<h3>
How do I get started?
</h3>

<p>
The simplest way is to look at some samples online:
</p>

<ul>
      <li><a href="http://www.agencexml.com/xsltforms/balance.xml">balance.xml</a> and 
      <a href="http://www.agencexml.com/xsltforms/xf.xml">xf.xhtml</a> show the basic
      operation of form handling including data submission.</li>
    </ul>

<p>
To run XSLTForms on your own pages, write standard XForms+XHTML markup, as described in
<a href="http://www.amazon.com/XForms-Essentials-Micah-Dubinko/dp/0596003692/">books</a> or numerous
<a href="http://en.wikibooks.org/wiki/XRX">web</a> <a href="http://xformsinstitute.com">sites</a>,
and include a link to the XSLTForms stylesheet at the top of your document, like this:
</p>

<pre>
&lt;?xml-stylesheet href="/path/to/xsltforms.xsl"
type="text/xsl"?&gt;
</pre>

<p>
Making it work in XQuery is straightforward. Copy the following, based on
<a href="http://www.agencexml.com/xsltforms/hello.xml">hello.xhtml</a>,
into an XQuery file named hello.xqy, with the XSLTForms files in a local subdirectory named xsltforms,
and run it from a MarkLogic Application Server:
</p>

<pre>
xquery version "1.0-ml";
xdmp:set-response-content-type("application/xml"),
&lt;?xml-stylesheet href="xsltforms/xsltforms.xsl"
type="text/xsl"?&gt;,
&lt;?xsltforms-options debug="yes"?&gt;,
&lt;html xmlns="http://www.w3.org/1999/xhtml"
xmlns:xf="http://www.w3.org/2002/xforms"&gt;
  &lt;head&gt;
    &lt;title&gt;Hello World in XForms&lt;/title&gt;
    &lt;xf:model&gt;
      &lt;xf:instance&gt;
        &lt;data xmlns=""&gt;
          &lt;PersonGivenName/&gt;
        &lt;/data&gt;
      &lt;/xf:instance&gt;
    &lt;/xf:model&gt;
  &lt;/head&gt;
  &lt;body&gt;
     &lt;xf:input ref="PersonGivenName" incremental="true"&gt;
       &lt;xf:label&gt;Please enter your first name: &lt;/xf:label&gt;
     &lt;/xf:input&gt;
     &lt;br /&gt;
     &lt;xf:output value="concat('Hello ', PersonGivenName)"&gt;
       &lt;xf:label&gt;Output: &lt;/xf:label&gt;
     &lt;/xf:output&gt;
  &lt;/body&gt;
&lt;/html&gt;
</pre>

<p>
This basic form illustrates the incremental mode of input field handling. As you type, the page
updates and shows some details of xforms event processing. This is an easy way to check that
everything is working properly on your system.
</p>

<h3>Troubleshooting</h3>

<p>Some things to watch out for:</p>

<ul>
      <li>As shown in the example above, you may need to deliver the file with the "application/xml" content
  type for browsers to handle it correctly. If you find the static text of your page displaying
  but none of the form controls, this is likely the problem.</li>
      <li>If the XML sent or received by the form make use of namespaces, you might need a workaround
  to work with Firefox, due to an outstanding bug in that browser. More details are available in
  the project <a href="https://bugzilla.mozilla.org/show_bug.cgi?id=94270">Bugzilla</a> database.</li>
    </ul>

<p>
XSLTForms has an active community of supporters that answer questions on the project mailing list.
Most beginners' problems have already been solved and message archives contain a wealth of
information on solutions. Another thing to try is a recent build from the SVN repository, since
in some cases bugs have been fixed subsequent to release.
</p>

<h3>
Conclusion
</h3>

<p>
When it comes to working with structured data, it's hard to beat XForms. New engines like
XSLTForms make it easy to include XForms in your application development cycle. Why not give
it a try today?
</p>
  </ml:body>
</ml:Article>