<?xml version="1.0" encoding="UTF-8"?><ml:Article type="Book" xmlns:ml="http://developer.marklogic.com/site/internal" xmlns="http://www.w3.org/1999/xhtml">
    
  <ml:title>Administrator's Guide</ml:title>
  <ml:last-updated>4.1-3</ml:last-updated>
  <ml:external-link href="/pubs/4.1/books/admin.pdf"/>
  <ml:server-version>4.1</ml:server-version>
  <ml:description>
Provides procedures for administrative tasks such as creating servers, creating databases, backing up databases, creating users, setting up your security policy, and so on. 
  </ml:description>

</ml:Article>