<?xml version="1.0" encoding="UTF-8"?><ml:Article type="Reference" xmlns:ml="http://developer.marklogic.com/site/internal" xmlns="http://www.w3.org/1999/xhtml">
  <ml:title>MarkLogic API Reference</ml:title> 
  <ml:last-updated>4.1-6</ml:last-updated>
  <ml:external-link href="/pubs/4.1/apidocs/All.html"/>
  <ml:server-version>4.1</ml:server-version>
  <ml:description>
    API documentation for the Mark Logic built-in and module extensions to the 
    XQuery standard functions. It also contains API reference information for the W3C standard functions implemented in MarkLogic Server.
  </ml:description>

</ml:Article>