<?xml version="1.0" encoding="UTF-8"?><ml:Article type="Book" xmlns:ml="http://developer.marklogic.com/site/internal" xmlns="http://www.w3.org/1999/xhtml">
    
  <ml:title>Application Developer's Guide</ml:title>
  <ml:last-updated>4.1-5</ml:last-updated>
  <ml:external-link href="/pubs/4.1/books/dev_guide.pdf"/>
  <ml:server-version>4.1</ml:server-version>
  <ml:description>
Provides procedures, methodologies, and conceptual information about general application development tasks in MarkLogic Server. 
  </ml:description>

</ml:Article>