<?xml version="1.0" encoding="UTF-8"?><ml:Article type="Book" xmlns:ml="http://developer.marklogic.com/site/internal" xmlns="http://www.w3.org/1999/xhtml">
    
  <ml:title>Application Builder Developer's Guide</ml:title>
  <ml:last-updated>4.1-4</ml:last-updated>
  <ml:external-link href="/pubs/4.1/books/appbuilder.pdf"/>
  <ml:server-version>4.1</ml:server-version>
  <ml:description>
Provides step-by step information on using the Application Builder to build a search application, and also provides information on customizing applications built with the Application Builder. 
  </ml:description>

</ml:Article>