<?xml version="1.0" encoding="UTF-8"?><ml:Article type="Book" xmlns:ml="http://developer.marklogic.com/site/internal" xmlns="http://www.w3.org/1999/xhtml">
    
  <ml:title>Scalability, Availability, and Forest-Level Failover</ml:title>
  <ml:last-updated>4.1-5</ml:last-updated>
  <ml:external-link href="/pubs/4.1/books/cluster.pdf"/>
  <ml:server-version>4.1</ml:server-version>
  <ml:description>
Provides information on large-scale system architecture, clustering, and details on setting up forest-level failover. 
  </ml:description>

</ml:Article>