<?xml version="1.0" encoding="UTF-8"?><ml:Article type="Book" xmlns:ml="http://developer.marklogic.com/site/internal" xmlns="http://www.w3.org/1999/xhtml">
    
  <ml:title>Content Processing Framework</ml:title>
  <ml:last-updated>4.1-1</ml:last-updated>
  <ml:external-link href="/pubs/4.1/books/cpf.pdf"/>
  <ml:server-version>4.1</ml:server-version>
  <ml:description>
Provides an introduction to the Content Processing Framework and procedures for installing the default content processing framework. 
  </ml:description>

</ml:Article>