<?xml version="1.0" encoding="UTF-8"?><ml:Article type="Book" xmlns:ml="http://developer.marklogic.com/site/internal" xmlns="http://www.w3.org/1999/xhtml">
    
  <ml:title>Getting Started with MarkLogic Server</ml:title>
  <ml:last-updated>4.1-1</ml:last-updated>
  <ml:external-link href="/pubs/4.1/books/gs.pdf"/>
  <ml:server-version>4.1</ml:server-version>
  <ml:description>
    A quick, step-by-step overview of how to get up and running with MarkLogic Server. 
  </ml:description>

</ml:Article>