<?xml version="1.0" encoding="UTF-8"?><ml:Article type="Book" xmlns:ml="http://developer.marklogic.com/site/internal" xmlns="http://www.w3.org/1999/xhtml">
    
  <ml:title>Installation Guide for All Platforms</ml:title>
  <ml:external-link href="/pubs/4.1/books/install.pdf"/>
  <ml:last-updated>4.1-4</ml:last-updated>
  <ml:server-version>4.1</ml:server-version>
  <ml:description>
Contains procedures for installing and upgrading MarkLogic Server on all platforms.
  </ml:description>

</ml:Article>