<?xml version="1.0" encoding="UTF-8"?><ml:Article type="Book" xmlns:ml="http://developer.marklogic.com/site/internal" xmlns="http://www.w3.org/1999/xhtml">
    
  <ml:title>4.1 Release Notes</ml:title>
  <ml:last-updated>4.1-4</ml:last-updated>
  <ml:external-link href="/pubs/4.1/books/relnotes.pdf"/>
  <ml:server-version>4.1</ml:server-version>
  <ml:description>
Contains a summary of new features, upgrade compatibility information, and other information about this release. 
  </ml:description>

</ml:Article>