<?xml version="1.0" encoding="UTF-8"?><ml:Article type="Book" xmlns:ml="http://developer.marklogic.com/site/internal" xmlns="http://www.w3.org/1999/xhtml">
    
  <ml:title>Understanding and Using Security</ml:title>
  <ml:last-updated>4.1-6</ml:last-updated>
  <ml:external-link href="http://developer.marklogic.com/pubs/4.1/books/security.pdf"/>
  <ml:server-version>4.1</ml:server-version>
  <ml:description>
Provides information on the role-based security model in MarkLogic Server. 
  </ml:description>

</ml:Article>