<?xml version="1.0" encoding="UTF-8"?><ml:Article type="Book" xmlns:ml="http://developer.marklogic.com/site/internal" xmlns="http://www.w3.org/1999/xhtml">
    
  <ml:title>MarkLogic Connector for SharePoint<sup>®</sup> Administrator's Guide</ml:title>
  <ml:last-updated>2009-01-01 (v1.0-2)</ml:last-updated>
  <ml:external-link href="/pubs/4.0/books/ConnectorForSharePointGuide.pdf"/>
  <ml:description>
    The documentation for the MarkLogic Connector for SharePoint®, which allows you to mirror documents from a Microsoft SharePoint repository in MarkLogic Server. 

  </ml:description>

</ml:Article>