<?xml version="1.0" encoding="UTF-8"?><ml:Article type="Book" xmlns:ml="http://developer.marklogic.com/site/internal" xmlns="http://www.w3.org/1999/xhtml">
    
  <ml:title>XQuery Reference Guide</ml:title>
  <ml:last-updated>4.1-4</ml:last-updated>
  <ml:external-link href="/pubs/4.1/books/xquery.pdf"/>
  <ml:server-version>4.1</ml:server-version>
  <ml:description>
A condensed overview of the XQuery language, including a description of the three XQuery dialects supported in MarkLogic Server. This book does includes some syntax information, although it is primarily intended as in introduction and quick-reference to the language, not as a comprehensive reference. 
  </ml:description>

</ml:Article>