<?xml version="1.0" encoding="UTF-8"?><ml:Post status="Published" xmlns:ml="http://developer.marklogic.com/site/internal" xmlns="http://www.w3.org/1999/xhtml">
  <ml:title>An XML Database Walks Into A Bar...</ml:title>
  <ml:author>The Unknown Blogger</ml:author>
  <ml:created>2007-01-01T00:00:00</ml:created>
  <ml:last-updated/>
  <ml:body>
<div id="body">
<!-- @BeginEditable id="body" -->
<h1>An XML Database Walks Into A Bar...</h1>

<p>
185 XML Databases walk into a bar.  The bartender says, "we don't serve XML
databases in here.".  The XML Databases say, "We node that".
</p>

<p>
An XML DOM parser walks into a bar. The bartender says, "we don't serve DOM
parsers in here."  The DOM parser says, "Go climb a tree".
</p>

<p>
An XML database walks into a bar with Jennifer Lopez.  The bartender looks up and asks, "What are you doing with that frag?"
</p>

<p>
An XML database walks into a bar with a molecule of oxygen.  The bartender looks up and asks, "What are you doing with that element?"
</p>

<p>
<i>Send your submissions to editor<span>@</span>developer.marklogic<span>.</span>com (let's keep it clean, people)</i>
</p>

<!-- @EndEditable -->

</div><!-- body -->
</ml:body></ml:Post>