<?xml version="1.0" encoding="UTF-8"?><ml:Article type="Reference" xmlns:ml="http://developer.marklogic.com/site/internal" xmlns="http://www.w3.org/1999/xhtml">
  <ml:title>MarkLogic API Reference</ml:title> <!-- API Reference since we will have more than XQuery? -->
  <ml:created>2007-01-23</ml:created> <!-- FIx date -->
  <ml:last-updated>2007-01-23</ml:last-updated>

  <ml:external-link href="http://developer.marklogic.com/pubs/4.1/apidocs/All.html"/>
  <ml:server-version>4.1</ml:server-version>

</ml:Article>
