<?xml version="1.0" encoding="UTF-8"?><ml:Article type="Guide" xmlns:ml="http://developer.marklogic.com/site/internal" xmlns="http://www.w3.org/1999/xhtml">
    
    <!-- What document type is this -->

  <ml:title>ZIP File of All MarkLogic 4.1 Documentation</ml:title>
  <ml:created>2007-01-23</ml:created> <!-- Date -->
  <ml:last-updated>2007-01-23</ml:last-updated>

  <ml:topics>
    <ml:topic>MarkLogic</ml:topic>
  </ml:topics>

  <ml:external-link href="http://developer.marklogic.com/pubs/4.1/MarkLogic_4.1_pubs.zip"/>

</ml:Article>
