<?xml version="1.0" encoding="UTF-8"?><ml:Article type="Guide" xmlns:ml="http://developer.marklogic.com/site/internal" xmlns="http://www.w3.org/1999/xhtml">
    
  <ml:title>XQuery Reference Guide</ml:title>
  <ml:created>2007-01-23</ml:created> <!-- Date -->
  <ml:last-updated>2007-01-23</ml:last-updated>

  <ml:topics>
    <ml:topic>MarkLogic</ml:topic>
    <ml:topic>XQuery</ml:topic>
  </ml:topics>

  <ml:external-link href="http://developer.marklogic.com/pubs/4.1/books/xquery.pdf"/>
  <ml:server-version>4.1</ml:server-version>

</ml:Article>
