<?xml version="1.0" encoding="UTF-8"?><feature xmlns="http://developer.marklogic.com/site/internal">
  <title>ActiveDocument</title>
  <main-points>
    <point>Ruby object mapper for XML databases</point>
    <point>MarkLogic integration into Ruby</point>
    <point>No XQuery required</point>
    <point>Gem available</point>
  </main-points>
   <!--
  <image src="/images/map_home.jpg" alt="ActiveDocument">
    <caption>ActiveDocument kicks you in the ass.</caption>
  </image>
    -->
  <read-more>
    <link href="/code/activedocument">Read more</link>
    <link href="http://github.com/crichey/activedocument">Browse git repository</link>
    <link href="http://rubygems.org/gems/activedocument">Ruby gem</link>
    <link href="/samples/activedocument">Sample application</link>
  </read-more>
</feature>
