<?xml version="1.0" encoding="UTF-8"?><feature xmlns="http://developer.marklogic.com/site/internal">
  <title>MarkLogic Server</title>
  <main-points>
    <point>MarkLogic Server 4.1</point>
    <point>One binary per OS platform</point>
    <point>Now available on the Amazon EC2 platform</point>
    <point>Receive a free Community or Trial license</point>
  </main-points>
  <image src="/images/marklogic-server.jpg">
    <caption>Lorem ipsum dolor sit amet. Ut enim ad minim veniam, quis nostrud exercitation ullamco laboris nis.</caption>
  </image>
  <read-more>
    <link href="...">DOCUMENTATION</link>
    <link href="...">TECHNICAL OVERVIEW</link>
    <link href="...">LICENSE OPTIONS</link>
  </read-more>
  <download-button href="..."/>
</feature>
