<?xml version="1.0" encoding="UTF-8"?><feature xmlns="http://developer.marklogic.com/site/internal">
  <title>MVC Kit</title>
  <main-points>
    <point>Build location-based services</point>
    <point>Query geospatial data</point>
    <point>Supports geo-encoding formats including GML, KML, and GeoRSS</point>
  </main-points>
  <image src="/images/map_home.jpg">
    <caption>Lorem ipsum dolor sit amet. Ut enim ad minim veniam, quis nostrud exercitation ullamco laboris nis.</caption>
  </image>
  <read-more>
    <link href="...">SAMPLE SITE</link>
    <link href="...">USER CASE STUDY</link>
    <link href="...">EXAMPLE CODE</link>
  </read-more>
</feature>
