<?xml version="1.0" encoding="UTF-8"?><feature xmlns="http://developer.marklogic.com/site/internal">
  <title>RunDMC</title>
  <main-points>
    <point>MarkLogic application that runs this site</point>
  </main-points>
   <!--
  <image src="/images/map_home.jpg" alt="ActiveDocument">
    <caption>ActiveDocument kicks you in the ass.</caption>
  </image>
    -->
  <read-more>
    <link href="...">Svn repository</link>
    <link href="...">Download </link>
    <link href="...">Docs </link>
  </read-more>
</feature>
