<?xml version="1.0" encoding="UTF-8"?><feature xmlns="http://developer.marklogic.com/site/internal">
  <title>XSLT</title>
  <main-points>
    <point>Integrated directly into Mark Logic and available via XQuery as well</point>
    <point>Work with your pre-existing style sheets</point>
    <point>High-performance</point>
  </main-points>
  <!--
  <image src="/images/map_home.jpg">
    <caption>Lorem ipsum dolor sit amet. Ut enim ad minim veniam, quis nostrud exercitation ullamco laboris nis.</caption>
  </image>
  -->
  <read-more>
    <link href="#">WATCH SCREENCAST</link>
    <link href="#">APIs</link>
  </read-more>
</feature>
