<?xml version="1.0" encoding="UTF-8"?><ml:page xmlns:ml="http://developer.marklogic.com/site/internal" xmlns="http://www.w3.org/1999/xhtml">

  <h1>MarkLogic Server 4.0 Product documentation</h1>

  <ml:document-table version="4.0">
    <ml:doc path="/learn/api-reference.xml"/>
    <ml:doc path="/learn/admin-guide.xml"/>
    <ml:doc path="/learn/app-developer-guide.xml"/>
    <ml:doc path="/learn/search-dev-guide.xml"/>
    <ml:doc path="/learn/query-performance.xml"/>
    <ml:doc path="/learn/cluster.xml"/>
    <ml:doc path="/learn/cpf.xml"/>
    <ml:doc path="/learn/security.xml"/>
    <ml:doc path="/learn/getting-started.xml"/>
    <ml:doc path="/learn/xquery-reference-guide.xml"/>
    <ml:doc path="/learn/install-guide.xml"/>
    <ml:doc path="/learn/xcc-dev-guide.xml"/>
    <ml:doc path="/learn/xcc-javadoc.xml"/>
    <ml:doc path="/learn/xcc-dotnet.xml"/>
    <ml:doc path="/learn/sharepoint.xml"/>
    <ml:doc path="/learn/server-all-zip.xml"/>
  </ml:document-table>

</ml:page>