<?xml version="1.0" encoding="UTF-8"?><ml:Post status="Published" xmlns:ml="http://developer.marklogic.com/site/internal" xmlns="http://www.w3.org/1999/xhtml">
  <ml:title>Where's Jason?</ml:title>
  <ml:author>Jason Hunter</ml:author>
  <ml:created>2007-01-01T00:00:00</ml:created>
  <ml:last-updated/>
  <ml:body>
<div id="body">
<!-- @BeginEditable id="body" -->
<p>If you attended one of Jason's classes or talks recently he
probably told you to visit this site.  This is a page
Jason can use to post timely or event-specific information.  Such
as answers to questions that came up in discussion, for example.</p>

<h1>Where's Jason?</h1>
<p>
Look for Jason Hunter at these upcoming events.
</p>
<ul>
	<li>JavaOne, San Francisco, June 28 - July 1</li>
      </ul>

<!-- @EndEditable -->

</div><!-- body -->
</ml:body></ml:Post>