<?xml version="1.0" encoding="UTF-8"?><em:Message xmlns:em="URN:ietf:params:email-xml:" xmlns:rf="URN:ietf:params:rfc822:">
  <rf:subject>New Comment submitted for moderation</rf:subject>
  <rf:from>
    <em:Address>
      <em:name>MarkLogic Developer Community</em:name>
      <em:adrs>dmc-dev@marklogic.com</em:adrs>
    </em:Address>
  </rf:from>
  <rf:to>
    <em:Address>
      <em:name>Evan Lenz</em:name>
      <em:adrs>evan@evanlenz.net</em:adrs>
      <!--
      <em:name>Eric Bloch</em:name>
      <em:adrs>eric.bloch@gmail.com</em:adrs>
      -->
    </em:Address>
  </rf:to>
  <em:content>Please review pending comments here: http://dmc-dev.marklogic.com:8010/blog#tbl_comments</em:content>
  <!--
    <html xmlns="http://www.w3.org/1999/xhtml"> 
      <head>
        <title>Comment submitted for moderation</title>
      </head>
      <body>
        <h1></h1>
        <p>Here is a simple paragraph</p>
      </body> 
    </html>
-->
</em:Message>