<?xml version="1.0" encoding="UTF-8"?><ml:Event user-group="denmark" xmlns:ml="http://developer.marklogic.com/site/internal" xmlns="http://www.w3.org/1999/xhtml">
  <ml:title>Please join us on November 9th for the next MarkLogic users group meeting in Denver (DenMARK)!</ml:title>
  <ml:description><p><ml:teaser>The intuitive approach of the Resource-oriented API builds squarely on the HTTP protocol and its standard POST, GET, UPDATE and DELETE methods. This presentation will be code-focused and cover the basics of building such an API on MarkLogic Server, including the configuration of the url-rewriter and writing tests</ml:teaser></p></ml:description>
  <ml:details>
    <ml:date>2009-11-09</ml:date>
    <ml:time>7pm</ml:time>
    <ml:location>Auraria Campus, Tivoli Bldg (900 Walnut St. Denver CO. 80204) Rm 320 Section B - Baerresen Ballroom</ml:location>
    <ml:topic>Building a Resource-oriented API on MarkLogic Server</ml:topic>
    <ml:presenter>Reed Esau, Platform Architect, Catalyst Repository Systems</ml:presenter>
  </ml:details>
</ml:Event>