<?xml version="1.0" encoding="UTF-8"?><ml:Event user-group="denmark" xmlns:ml="http://developer.marklogic.com/site/internal" xmlns="http://www.w3.org/1999/xhtml">
  <ml:title>Denver Mark Logic User Group (DenMARK)</ml:title>
  <ml:description><p><ml:teaser>Come join us on January 12th at 7pm for another great meeting with the Denver Mark Logic User Group. The meeting is organized by Mike Fagan and takes place at the Auraria Campus, Tivoli Bldg (900 Walnut St. Denver CO. 80204) Rm 320 Section B - Baerresen Ballroom. </ml:teaser></p></ml:description>
  <ml:details>
    <ml:date>2010-01-12</ml:date>
    <ml:time>7pm</ml:time>
    <ml:location>Auraria Campus, Tivoli Bldg (900 Walnut St. Denver CO. 80204) Rm 320 Section B - Baerresen Ballroom/ml:location&gt;
    <ml:topic/>
    <ml:presenter/>
  </ml:location></ml:details>
</ml:Event>