<?xml version="1.0" encoding="UTF-8"?><ml:Event user-group="denmark" xmlns:ml="http://developer.marklogic.com/site/internal" xmlns="http://www.w3.org/1999/xhtml">
  <ml:title>Den-MARK: The Denver Mark Logic User Group</ml:title>
  <ml:description><p><ml:teaser>The Mark Logic user group events keep multiplying! The first instance of the Mark Logic user group in Denver will take place on October 12, 2009 at 7pm. The main speaker will be Clark Richey, Mark Logic Community Champion who will talk about MarkLogic Application Services. The event is organized by Michael Fagan of Booz Allen Hamilton. This is an opportunity learn more about MarkLogic Server and collaborate with other MarkLogic users. Pizza and Soft drinks will be provided and everyone will be entered into drawings for several giveaways provided by Mark Logic.</ml:teaser></p></ml:description>
  <ml:details>
    <ml:date>2009-10-12</ml:date>
    <ml:time>7pm</ml:time>
    <ml:location>Auraria Campus, Tivoli Bldg (900 Walnut St. Denver CO. 80204) Rm 320 Section B - Baerresen Ballroom</ml:location>
    <ml:topic>MarkLogic Application Services</ml:topic>
    <ml:presenter>Clark Richey</ml:presenter>
  </ml:details>
</ml:Event>