<?xml version="1.0" encoding="UTF-8"?><ml:Event user-group="markups" xmlns:ml="http://developer.marklogic.com/site/internal" xmlns="http://www.w3.org/1999/xhtml">
  <ml:title>The Next Mark-UPS User Group: September 23rd</ml:title>
  <ml:description><p><ml:teaser>Come join us at the second Maryland User Group event that will take place on September 23rd at 5:30pm. The event will be hosted by Telly Stroumbis of Boeing and will be about MarkLogic Server and Semantics. The speaker will be Gary Katz, federal consultant for Mark Logic.</ml:teaser></p>
<p>
In recent years, the term "semantic applications" has expanded beyond its original RDF roots to include applications that are increasingly leveraging relevant metadata to allow users to more quickly and intelligently discover and analyze data within broad content sets. In this session, Mark Logic Federal Consultant Gary Katz will discuss MarkLogic Server's role as a semantically enabling technology, the problems it can help solve as well as demonstrate a recently developed semantic application.
</p></ml:description>
  <ml:details>
    <ml:date>2009-09-23</ml:date>
    <ml:time>5:30pm</ml:time>
    <ml:location>131 National Business Parkway, Suite 120, Annapolis Junction, MD 20701</ml:location>
    <ml:topic>Mark Logic Server and Semantics</ml:topic>
    <ml:presenter>Gary Katz</ml:presenter>
  </ml:details>
</ml:Event>