<?xml version="1.0" encoding="UTF-8"?><ml:Event user-group="markups" xmlns:ml="http://developer.marklogic.com/site/internal" xmlns="http://www.w3.org/1999/xhtml">
  <ml:title>Next MarkUPS Meeting to Take Place on February 24th!</ml:title>
  <ml:description><p><ml:teaser>The next Mark-UPS user group will be meeting on Wednesday February 24th. This is a unique occasion to hear Chris Biow, Federal CTO talk about Mark Logic's new offering in the Cloud. Mark-UPS, Mark Logic User Participation Sessions, is run by Telly Stroumbis.</ml:teaser></p>
<p>
Mark Logic user groups offer an opportunity learn more about MarkLogic Server and collaborate with other MarkLogic users. Pizza and soft drinks will be provided and everyone will be entered into drawings for several giveaways provided by Mark Logic.
</p>
<p>
In this presentation Chris will demonstrate Mark Logic's new cloud deployment options and talk about how they are being used today within the Mark Logic development community. Attendees will see how to instantiate a MarkLogic AMI live on Amazon EC2 and learn about best practices for using MarkLogic on the EC2 platform. Finally, Chris will give a preview of planned cloud-related product enhancements. This is a great opportunity to provide feedback and influence the cloud computing initiative at Mark Logic.
<p>

</p></p></ml:description>
  <ml:details>
    <ml:date>2010-02-24</ml:date>
    <ml:time>5:30pm</ml:time>
    <ml:location>131 National Business Parkway, Suite 120, Annapolis Junction, MD, 20701</ml:location>
    <ml:topic>MarkLogic Cloud Services</ml:topic>
<ml:presenter>Chris Biow</ml:presenter>
  </ml:details>
</ml:Event>