<?xml version="1.0" encoding="UTF-8"?><ml:Event user-group="nymug" xmlns:ml="http://developer.marklogic.com/site/internal" xmlns="http://www.w3.org/1999/xhtml">
  <ml:title>Mark Logic User Group in New York!</ml:title>
  <ml:description><p><ml:teaser>Come join us for the inaugural meeting of the Mark Logic New York User Group (NYMUG)! The event will take place on November 11th and will be hosted by Steve Kotrch from Simon &amp; Schuster. This is a unique occasion to hear Norm Walsh speak about MarkLogic Server on the topic "Transforming XML Development with MarkLogic"
</ml:teaser></p>
<p>
Mark Logic user groups offer an opportunity learn more about MarkLogic Server and collaborate with other MarkLogic users. Pizza and soft drinks will be provided and everyone will be entered into drawings for several giveaways provided by Mark Logic.
</p>

</ml:description>
  <ml:details>
    <ml:date>2009-11-11</ml:date>
    <ml:time>6:30pm ET</ml:time>
    <ml:location>1230 Avenue of the Americas, New York, NY 10020. Between 48th and 49th streets on Sixth Avenue</ml:location>
    <ml:topic>Transforming XML Development with MarkLogic Server</ml:topic>
    <ml:presenter>Norman Walsh, Principal technologist for Mark Logic</ml:presenter>
  </ml:details>
</ml:Event>