<?xml version="1.0" encoding="UTF-8"?><ml:Post status="Published" xmlns:ml="http://developer.marklogic.com/site/internal" xmlns="http://www.w3.org/1999/xhtml">
  <ml:title>Letter From The Editor</ml:title>
  <ml:author>Ian Small</ml:author>
  <ml:created>2007-01-01T00:00:00</ml:created>
  <ml:last-updated>2007</ml:last-updated>
  <ml:body>
<div id="body">
<!-- @BeginEditable id="body" -->
<h1>Letter From The Editor</h1>

<h3>Welcome to the Mark Logic Developer Network</h3>
<p>
XQuery is gaining momentum every day and we at Mark Logic are excited by the new possibilities it opens up.  There are vast amounts of disparately structured data that businesses work with every day that simply don't fit into rectangular databases.  <a href="/download/">MarkLogic Server</a> provides a scalable, efficient engine for indexing that kind of data and XQuery brings the expressive power to make use of it.
</p>
<p>
Like any new technology, XQuery can be intimidating and even a little baffling at first.  We've launched this developer site as a resource to help those new to XQuery get past that initial awkward stage.  But that's not our only aim.  We also want this site to foster a vital and growing community of Mark Logic developers -- covering the full spectrum from beginner to guru -- whose members can assist and teach each other in an informal, no-nonsense setting where the needs of the developer come first.
</p>

<h3>The Lay Of The Land</h3>
<p>
Take a look at the tabs along the top of this page.  They represent the top-level areas of the developer network.  The first thing you'll want to do is download the
<a href="/download/">Community Licensed version of MarkLogic Server</a>.
The Community version is not time limited and can be used to build real applications that you can deploy.  The license will never expire.  It's limited only in the amount of data it can contain (about 100MB total).  The data limit is imposed
by license restrictions in the free Community Edition.  Should you need
to upgrade, it's a simple matter of changing the license -- no re-install
needed.  [<a href="/licensing">More</a>]
</p>
<p>
Once you've installed MarkLogic Server, read the
<a href="/learn/technical-overview.xqy">Technical Overview Guide</a>
and played with the sample code you'll want to visit the
<a href="/learn">how-to</a> section.
There you'll learn more about what you can do with XQuery and MarkLogic Server.  You'll find convenient references as well as tutorials and comprehensive documentation.
</p>
<p>
You'll have questions.
If you can't find the answers in the <a href="/learn/">how-to</a>, or among
the <a href="/xfaqtor/">Frequently Asked Questions (FAQ)</a>, then visit
 the <a href="/discuss/">discussion area</a>.
You can search the archive of past discussions and signup to
the mailing list so you can get answers to your specific questions.
Before you know it, you'll be joining in to answer questions that other
developers ask.  That's how communities grow and everyone benefits
when members actively participate.
</p>
<p>
Back on the <a href="/download/">download</a> page you saw links for
several software downloads.  Those are the things we think you'll want
to look at when you're getting started, but there's much more.  Under the
<a href="/code/">workshop</a> tab you'll find our collaborative code
library area. This is where we make code and tools freely available for
download.  Some code is contributed by us, other projects are contributed
by members of the community. It's the community (that's you!) that will make
the code workshop and the site overall a place you'll want to return to again and again.
</p>
<p>
Last is the <a href="/blog/">reading</a> tab.  There you'll find announcements, information about upcoming events, articles, columns by regular contributors and other timely information.  This is also where you'll find the <a href="/rss/">RSS</a> feed so you can be notified when we make updates [coming soon].
</p>

<p>
While we're going for a laid-back, t-shirt and jeans sort of feel, this is by no means a casual undertaking.  We're serious about connecting Mark Logic developers like you building serious, real-world, content-centric applications and helping you achieve your goals.
</p>

<h3>Talk Back</h3>
<p>
The operative word here is community.  Please let me know (editor<span>@</span>developer.marklogic<span>.</span>com) how you feel about this site.  Join the discussions and get involved.  If there's something you don't like, tell me about it -- I'll improve it.  And tell me what you think we're doing right -- so I can improve that too. 
</p>
<p>
Once again, welcome to the Mark Logic developer network.  Thanks for visiting. Make yourself at home.
</p>


<!-- @EndEditable -->

</div><!-- body -->
</ml:body></ml:Post>