<?xml version="1.0" encoding="UTF-8"?><!-- This document configures the top- and sub-level navigation,
     including breadcrumb hierarchy.
--><navigation xmlns="http://developer.marklogic.com/site/internal">
  <page display="Home" href="/"/>
  <page display="Products" href="/products">
    <!--
    <group display="Mark Logic Products">
      <group display="MarkLogic Server">
        <page display="MarkLogic Server 4.1" href="/products/marklogic-server/4.1"/>
      </group>
      <group display="Application Services">
        <page display="Application Builder" href="/products/application-builder/1.1"/>
        <page display="Information Studio" href="/products/information-studio/1.1"/>
      </group>
      <group display="Connectors and Toolkits">
        <page display="XCC for Java" href="/products/xcc-for-java/1.1"/>
        <page display="XCC for .Net" href="/products/xcc-for-net/1.1"/>
        <page display="SharePoint" href="/products/sharepoint/1.1"/>
        <page display="Toolkit for Word" href="/products/toolkit-for-word/1.1"/>
        <page display="Toolkit for Excel" href="/products/toolkit-for-excel/1.1"/>
        <page display="Toolkit for PowerPoint" href="/products/toolkit-for-powerpoint/1.1"/>
      </group>
      <group display="Cloud Services">
        <page display="Server for EC2" href="/products/server-for-ec2/1.1"/>
      </group>
    </group>
  -->
  </page>
  <page display="Code" href="/code">
    <!--
    <group display="Open Source Projects">
      <page display="MarkLogic CQ" href="/code/cq"/>
      <page display="CQSH — An XQuery Shell" href="/code/cqsh"/>
      <page display="MarkLogic XQuery JSP Tag Library" href="/code/jsp-tag-library"/>
      <page display="MLSQL" href="/code/mlsql"/>
      <page display="MLJAM" href="/code/mljam"/>
      <page display="Feed" href="/code/feed"/>
      <page display="Facebook XQuery Library" href="/code/facebook-library"/>
      <page display="Dictionaries and Thesauri" href="/code/dictionaries"/>
    </group>
    <group display="Off-site Projects">
      <page display="XQMVC" href="/code/xqmvc"/>
    </group>
    -->
  </page>
  <page display="Learn" href="/learn" narrow-sidebar="yes">
    <!--
    <group display="Document Types">
      <page display="Articles" href="/learn/articles">
        <Article type="Article"/>
      </page>
      <page display="Code" href="/learn/code">
        <Article type="Code"/>
      </page>
      <page display="Getting Started" href="/learn/getting-started">
        <Article type="Getting Started"/>
      </page>
      <page display="Guides" href="/learn/guides">
        <Article type="Guide"/>
      </page>
      <page display="Installation Guides" href="/learn/installation-guides">
        <Article type="Installation Guide"/>
      </page>
      <page display="Release Notes" href="/learn/release-notes">
        <Article type="Release Notes"/>
      </page>
      <page display="Technical Overview" href="/learn/technical-overviews">
        <Article type="Technical Overview"/>
      </page>
      <page display="Training" href="/learn/training">
        <Article type="Training"/>
      </page>
      <page display="Tutorials" href="/learn/tutorials">
        <Article type="Tutorial"/>
      </page>
      <page display="Use Cases" href="/learn/use-cases">
        <Article type="Use Case"/>
      </page>
      <page display="Videos" href="/learn/videos">
        <Article type="Video"/>
      </page>
    </group>
    <group display="Topics">
      <page display="General" href="/learn/general"/>
      <group display="MARKLOGIC SERVER">
        <page display="MarkLogic Server 4.1" href="/learn/server41"/>
        <page display="MarkLogic Server 4.0" href="/learn/server40"/>
      </group>
      <page display="Integration" href="/learn/integration"/>
      <page display="XML" href="/learn/xml"/>
      <page display="XQuery" href="/learn/xquery"/>
    </group>
  -->
  </page>
  <page display="Discuss" href="/discuss">
    <!--
    <group display="Mark Logic Mailing Lists">
      <page display="General Mailing List" href="..."/>
      <page display="Announcements Mailing List" href="..."/>
    </group>
    <group display="User Group Mailing Lists">
      <page display="DenMARK — Denver Mailing List" href="..."/>
      <page display="Mark-UPS — Maryland Mailing List" href="..."/>
      <page display="NOVAMUG — Northern Virginia Mailing List" href="..."/>
      <page display="NYMUG — New York User Group" href="..."/>
    </group>
  -->
  </page>
  <page display="Meet" href="/meet">
    <!--
    <group display="Mark Logic User Groups">
      <page display="DenMark — Denver User Group" href="/meet/denmark"/>
      <page display="Mark-UPS — Maryland User Group" href="/meet/markups"/>
      <page display="NOVAMUG — Northern Virginia User Group" href="/meet/novamug"/>
      <page display="NYMUG — New York User Group" href="/meet/nymug"/>
    </group>
  -->
  </page>
  <page display="Blog" href="/blog">
    <!--
    <group display="All Posts">
      <blog-posts-grouped-by-date/>
    </group>
    <group display="Authors" disable-initial-expansion="yes">
      <blog-posts-grouped-by-author/>
    </group>
    <group display="Categories" disable-initial-expansion="yes">
      <blog-posts-grouped-by-category/>
    </group>
  -->
  </page>
  <page display="News" href="/news"/>
  <page display="Events" href="/events"/>
    <!--
  <page display="News &amp; Events" href="/news-and-events">
    <page display="News" href="/news">
      <Announcement/>
    </page>
    <page display="Events" href="/events">
      <Event/>
    </page>
  </page>
  -->

  <generic-page display="Licensing" href="/licensing"/>
</navigation>
