<?xml version="1.0" encoding="UTF-8"?><ml:Project xmlns:ml="http://developer.marklogic.com/site/internal"><ml:name>AutoLoader</ml:name><ml:description><p>AutoLoader is a Java-based tool that monitors a directory for new files. These files are then automatically loaded into Mark Logic server via RecordLoader.
	For more information about the capabilities of RecordLoader, try the
  <a href="http://developer.marklogic.com/howto/tutorials/2006-06-recordloader.xqy">tutorial</a>.
  Specifically, AutoLoader features include:</p><ul>
<li>Monitor a directory for new files to be automatically loaded</li>
<li>Leverages the full power of RecordLoader for the actual loading of the files</li>
<li>Runs from the command line without a UI for ease of use on production servers</li>
</ul><p>The current release packages a very slightly modified version of RecordLoader. As RecordLoader is updated AutoLoader will also be updated to stay in sync with the latest changes.</p></ml:description>
<ml:versions get-involved-href="http://github.com/marklogic/AutoLoader" vcs-type="git"><ml:version href="http://unfuddle.com" server-version="4.0-1" date="2009-09-21"/><ml:version href="http://lorem.com/pubs/4.0/books/install.php" server-version="4.0-1" date="2009-08-11"/></ml:versions><ml:top-threads search="marklogic AutoLoader"/></ml:Project>
