<?xml version="1.0" encoding="UTF-8"?><ml:Project xmlns:ml="http://developer.marklogic.com/site/internal"><ml:name>Shakespeare Demo Application</ml:name><ml:description><p>
The Shakespeare demo application allows you to search across all of the 
Shakespeare plays and display the plays scene-by-scene.  It includes a 
master table of contents, a search page allowing simple searches with 'and'
boolean logic, and an advanced search page which adds near searches to 
the search options.  In any search, you can enter double-quotes around a 
phrase to indicate a phrase search (for example, "to be or not to be" will 
return a single hit from Hamlet).</p><p>The application is written in XQuery, with some javascript to help with the
table of contents tree control.  The XQuery code sends xhtml pages to 
display on the browser.  It is intended as a simple sample of an
application you can write in MarkLogic Server, and demonstrates some common
design patterns used in MarkLogic applications.  It includes all of the 
code for the application.  Feel free to play around and modify the code
to suit your needs and to learn how it works.  The README.txt file
describes how to set up the application.</p><p>Some of the features and design patterns of the application include:</p><ul>
	<li>generating a table of contents from a content set</li>
	<li>dynamically transforming content from its original XML structure
		to xhtml (using a recursive typeswitch)</li>
	<li>full text search, including a search box and a search results
	       	page</li>
	<li>proximity (cts:near-query) search page</li>
	<li>a simple query parser (parses double-quoted text as phrases)</li>
	<li>some interesting examples of text highlighting using 
		cts:highlight</li>
	<li>dynamically counts and displays the line numbers</li>
	<li>and much more....</li>
	<li>using properties to store metadata</li>
</ul></ml:description><ml:versions get-involved-href="http://github.com/marklogic/bill" vcs-type="git"><ml:version href="http://unfuddle.com" server-version="4.0-1" date="2009-09-21"/><ml:version href="http://lorem.com/pubs/4.0/books/install.php" server-version="4.0-1" date="2009-08-11"/></ml:versions></ml:Project>
