<?xml version="1.0" encoding="UTF-8"?><ml:Project xmlns:ml="http://developer.marklogic.com/site/internal"><ml:name>XQuery Commons</ml:name><ml:description><p>
The Mark Logic XQuery Commons is an umbrella project that
encompasses small, self-contained components.  These small
"bits and bobs" do not constitute complete applications in
their own right, but can be re-used in many different contexts.
</p><p>
Subcategories include HTTP, Date, and Search utilities.  If you have
your own favorite functions, write the mailing list to contribute them!
</p></ml:description><ml:versions get-involved-href="http://github.com/marklogic/commons" vcs-type="git"><ml:version href="http://unfuddle.com" server-version="4.0-1" date="2009-09-21"/><ml:version href="http://lorem.com/pubs/4.0/books/install.php" server-version="4.0-1" date="2009-08-11"/></ml:versions><ml:top-threads search="MarkLogic XQuery commons"/></ml:Project>
