<?xml version="1.0" encoding="UTF-8"?><ml:Project xmlns:ml="http://developer.marklogic.com/site/internal"><ml:name>Corb</ml:name><ml:description><p>
      Corb is a Java-based tool for content reprocessing in bulk.
      To get started with Corb, see the
      <a href="http://developer.marklogic.com/svn/corb/trunk/README.html">README</a> file.
    </p><p>
      Corb requires Mark Logic Server 3.2-1 or later. 
    </p></ml:description><ml:versions get-involved-href="http://github.com/marklogic/corb" vcs-type="git"><ml:version href="http://unfuddle.com" server-version="4.0-1" date="2009-09-21"/><ml:version href="http://lorem.com/pubs/4.0/books/install.php" server-version="4.0-1" date="2009-08-11"/></ml:versions><ml:top-threads search="marklogic corb"/></ml:Project>
