<?xml version="1.0" encoding="UTF-8"?><ml:Project xmlns:ml="http://developer.marklogic.com/site/internal" xmlns="http://www.w3.org/1999/xhtml">
  <ml:name>MarkLogic CQ</ml:name>
  <ml:description>
          <p>CQ is a web-based XQuery tool, which allow developers to write ad hoc queries without managing .xqy files. Leveraging the web browser's built-in XML tree view, html view, and JavaScript engine, CQ is almost an IDE. You can view the results of your queries as XHTML, XML, or plain text. You can also profile the performance of your queries. You can work on multiple queries at once, browse your query history, change content sources, and save your queries to multiple, persistent sessions. </p>
          <div class="special_img">
            <div class="top"></div>
            <div class="section">
              <img src="/images/cq_screen_small.jpg" alt="Screen shot of MarkLogic CQ interface"/>
              <p>Lorem ipsum dolor sit amet. Ut enim ad minim veniam, quis nostrud exercitation ullamco laboris nis.</p>
              <p>Ut enim ad minim veniam, quis nostrud exercitation ullamco laboris nis.</p>
              <a href="/images/cq_screen_small.jpg" class="enlarge">Enlarge image</a>
            </div>
          </div>
          <p>CQ is designed for use with MarkLogic Server. It must be installed within the root of an HTTP Application Server. CQ is tested with FireFox 3 and Internet Explorer 7. Some features may not work on other browsers.</p>
          <p>The latest release requires MarkLogic Server 4.0-1 or later. Older releases are available for earlier versions of MarkLogic Server.</p>
  </ml:description>
  <ml:versions get-involved-href="http://github.com/marklogic/cq" vcs-type="git">
    <ml:version href="http://unfuddle.com" server-version="4.0-1" date="2009-09-21"/> 
    <ml:version href="http://lorem.com/pubs/4.0/books/install.php" server-version="4.0-1" date="2009-08-11"/> 
    <ml:version href="http://ipsum.com" server-version="3.2-2" date="2008-07-04"/> 
  </ml:versions>
  
  <ml:top-threads search="marklogic cq"/>
</ml:Project>
