<?xml version="1.0" encoding="UTF-8"?><ml:Project xmlns:ml="http://developer.marklogic.com/site/internal"><ml:name>Facebook XQuery Library</ml:name><ml:description><p>
            This package includes an XQuery library for programming on the Facebook Platform. 
            The Facebook Platform is a standards-based Web service with methods for accessing and contributing Facebook data.
        </p><p>Version 1.0.0:</p><ul>
            <li>An importable module for creating an application configuration and making Facebook API calls.</li>
            <li>Basic example applications illustrating usage of the API.</li>
        </ul><p>The Facebook XQuery library is distributed under the Apache License, Version 2.0.</p><p>
            This project was contributed by David Amusin of Mark Logic.
        </p></ml:description><ml:versions get-involved-href="http://github.com/marklogic/facebook" vcs-type="git"><ml:version href="http://unfuddle.com" server-version="4.0-1" date="2009-09-21"/><ml:version href="http://lorem.com/pubs/4.0/books/install.php" server-version="4.0-1" date="2009-08-11"/></ml:versions><ml:top-threads search="marklogic facebook"/></ml:Project>
