<?xml version="1.0" encoding="UTF-8"?><ml:Project xmlns:ml="http://developer.marklogic.com/site/internal"><ml:name>Feed</ml:name><ml:description><p>
	Feed is a library for accessing, subscribing to, and managing
	RSS and Atom Feeds.
	</p><p>
	Feed supports Atom 1.0, RSS 0.3, RSS 1.0, and RSS 2.0. 
	</p><p>
	It requires the dates module from the commons library:
	http://xqzone.marklogic.com/svn/commons/trunk/dates/
	</p></ml:description><ml:versions get-involved-href="http://github.com/marklogic/feed" vcs-type="git"><ml:version href="http://unfuddle.com" server-version="4.0-1" date="2009-09-21"/><ml:version href="http://lorem.com/pubs/4.0/books/install.php" server-version="4.0-1" date="2009-08-11"/></ml:versions><ml:top-threads search="marklogic feed"/></ml:Project>
