<?xml version="1.0" encoding="UTF-8"?><ml:Project xmlns:ml="http://developer.marklogic.com/site/internal"><ml:name>jEdit XQuery Plugin</ml:name><ml:description><p>
A Mark Logic XQuery plugin for the jEdit editor.  This
plugin is a development aid that takes XQuery code directly
from your active edit buffer, submits it to MarkLogic Server and places
the result in another edit buffer of your choosing.
If an error is deteted in the XQuery code, the line
containing the error is highlighted in the source.
</p><p>
This is a total rewrite that replaces the aXe adapter
that was previously posted here.  That plugin will no
longer be supported going forward.  If you're using it,
please install this plugin and discontinue using the old one.
</p><p>Included in this distribution is a syntax highlighting
descriptor for XQuery code.
</p></ml:description><ml:versions get-involved-href="http://github.com/marklogic/jedit" vcs-type="git"><ml:version href="http://unfuddle.com" server-version="4.0-1" date="2009-09-21"/><ml:version href="http://lorem.com/pubs/4.0/books/install.php" server-version="4.0-1" date="2009-08-11"/></ml:versions><ml:top-threads search="marklogic jedit"/></ml:Project>
