<?xml version="1.0" encoding="UTF-8"?><ml:Project xmlns:ml="http://developer.marklogic.com/site/internal"><ml:name>JQEE</ml:name><ml:description><p>JQEE presents a simple, high-level interface on top of the lower-level XDBC
classes.
While not suitable for every job, the high-level interface makes common tasks
-- such as executing a query and retrieving a sequence of strings -- into two
liners.  Within JQEE you'll find a Query class representing queries and a
QueryExecuter that runs them with its various execute() methods.  It's much
simpler than the more robust XQRunner.</p><p>Includes a command line XQuery script executor.  Requires XDBC.</p></ml:description><ml:versions get-involved-href="http://github.com/marklogic/jqee" vcs-type="git"><ml:version href="http://unfuddle.com" server-version="4.0-1" date="2009-09-21"/><ml:version href="http://lorem.com/pubs/4.0/books/install.php" server-version="4.0-1" date="2009-08-11"/></ml:versions><ml:top-threads search="marklogic jqee"/></ml:Project>
