<?xml version="1.0" encoding="UTF-8"?><ml:Project xmlns:ml="http://developer.marklogic.com/site/internal"><ml:name>Loader</ml:name><ml:description><p>Loader holds simple Java-based document load and save scripts that
demonstrate XDBC access from Java.  They're considered simple because they
don't load or save document metadata (properties, collections, quality,
security, etc).  They do however load from directories and ZIP files, and
can convert HTML to XML before loading.
</p></ml:description><ml:versions get-involved-href="http://github.com/marklogic/loader" vcs-type="git"><ml:version href="http://unfuddle.com" server-version="4.0-1" date="2009-09-21"/><ml:version href="http://lorem.com/pubs/4.0/books/install.php" server-version="4.0-1" date="2009-08-11"/></ml:versions><ml:top-threads search="marklogic loader"/></ml:Project>
