<?xml version="1.0" encoding="UTF-8"?><ml:Project xmlns:ml="http://developer.marklogic.com/site/internal"><ml:name>MarkLogic Toolkit for PowerPoint</ml:name><ml:description><p id="marklogic-toolkit-for-powerpoint">
			The MarkLogic Toolkit for PowerPoint<sup>®</sup>
			allows you to quickly build information applications with MarkLogic Server that extend the functionality of Microsoft PowerPoint and leverage Office Open XML (OOXML), the native document format of PowerPoint 2007. 
		</p><p>With the Toolkit for PowerPoint you can enable users to
		</p><ul>
			<li>Search across your organization's PowerPoint  files for specific slides and presentations</li>
			<li>Search across your organization's Word and Excel files for content to embed in slides</li>
			<li>Create new PowerPoint presentations from existing documents</li>
			<li>Manipulate presentations stored in your repository with a built-in XQuery library</li>
			<li>Enhance PowerPoint documents with custom metadata</li>
		</ul><p>
			The MarkLogic Toolkit for PowerPoint includes three components: XQuery libraries specifically designed to ingest and manipulate OOXML, an add-in which allows you to embed information applications directly into PowerPoint, and a sample application to get you started right away.
		</p><p>The Toolkit for PowerPoint add-in allows you to deploy web-based applications into PowerPoint. This means you can use familiar web development techniques, such as HTML and JavaScript, to build powerful applications with MarkLogic Server that work in concert with PowerPoint. Sample add-in applications included with the toolkit provide quick-start templates for typical use cases, including search, reuse, and custom metadata management. The XQuery libraries enable building server-based applications to assemble, manipulate, and deliver Office Open XML for Office 2007 and other XML-based workflows.  </p><p>The MarkLogic Toolkit for PowerPoint is distributed as an open source project sponsored by Mark Logic. Under the terms of the Apache 2.0 license, you are free to inspect and change the code to suit your needs. However, we encourage you to contribute enhancements and bug fixes back for the benefit of the entire community. For more information about this toolkit or how to contribute please contact <a href="mailto:opensource@marklogic.com">opensource@marklogic.com</a>.</p></ml:description><ml:versions get-involved-href="http://github.com/marklogic/marklogic-toolkit-for-powerpoint" vcs-type="git"><ml:version href="http://unfuddle.com" server-version="4.0-1" date="2009-09-21"/><ml:version href="http://lorem.com/pubs/4.0/books/install.php" server-version="4.0-1" date="2009-08-11"/></ml:versions><ml:top-threads search="marklogic-toolkit-for-powerpoint"/></ml:Project>
