<?xml version="1.0" encoding="UTF-8"?><ml:Project xmlns:ml="http://developer.marklogic.com/site/internal"><ml:name>MarkLogic xmlsh Extension Module</ml:name><ml:description><p>MarklLogic xmlsh Extension Module is Java-based tool which integrates with <a href="http://www.xmlsh.org">xmlsh to provide scripting access to MarkLogic databases.</a></p><ul>
<li>Invoke adhoc queries</li>
<li>Invoke stored queries</li>
<li>Store local files or computed xml expressions to MarkLogic</li>
<li>Get MarkLogic documents</li>
<li>List MarkLogic directories and files</li>
</ul><p>Documentation for installation and commands is available on the xmlsh wiki at <a href="http://www.xmlsh.org/ModuleMarkLogic">Mark Logic Extension Module</a></p><p>Requires installation of <a href="http://www.xmlsh.org">xmlsh</a></p></ml:description><ml:versions get-involved-href="http://github.com/marklogic/marklogicsh-ext" vcs-type="git"><ml:version href="http://unfuddle.com" server-version="4.0-1" date="2009-09-21"/><ml:version href="http://lorem.com/pubs/4.0/books/install.php" server-version="4.0-1" date="2009-08-11"/></ml:versions><ml:top-threads search="marklogicsh-ext"/></ml:Project>
