<?xml version="1.0" encoding="UTF-8"?><ml:Project xmlns:ml="http://developer.marklogic.com/site/internal"><ml:name>MLJCR - Mark Logic Java Content Repository (JSR-170)</ml:name><ml:description><p>
MLJCR enables a Java Content Repository (JCR, aka JSR-170) to
store content in MarkLogic Server.
</p><p>
The MLJCR code plugs into the
<a href="http://jackrabbit.apache.org/">JackRabbit</a>
JSR-170 implementation to provide persistence in MarkLogic Server.  Most
JCR-based CMS products are built on top of JackRabbit.
</p><p>
MLJCR requires a 1.4+ Java JDK and the
<a href="http://developer.marklogic.com/download/">XCC connector library</a>.
</p></ml:description><ml:versions get-involved-href="http://github.com/marklogic/mljcr" vcs-type="git"><ml:version href="http://unfuddle.com" server-version="4.0-1" date="2009-09-21"/><ml:version href="http://lorem.com/pubs/4.0/books/install.php" server-version="4.0-1" date="2009-08-11"/></ml:versions><ml:top-threads search="mljcr"/></ml:Project>
