<?xml version="1.0" encoding="UTF-8"?><ml:Project xmlns:ml="http://developer.marklogic.com/site/internal"><ml:name>perlxdbc: XDBC Connectivity for Perl</ml:name><ml:description><p>
This project is a Perl module that enables XDBC connectivity
from Perl scripts.
</p><p>
This project was contributed by Tony Stubblebine of O'Reilly Media.
</p><p>
WARNING: This project has not been actively maintained and does not work
with the latest MarkLogic Server releases.  It should now be considered
sample code only.
</p></ml:description><ml:versions get-involved-href="http://github.com/marklogic/perlxdbc" vcs-type="git"><ml:version href="http://unfuddle.com" server-version="4.0-1" date="2009-09-21"/><ml:version href="http://lorem.com/pubs/4.0/books/install.php" server-version="4.0-1" date="2009-08-11"/></ml:versions><ml:top-threads search="perlxdbc"/></ml:Project>
