<?xml version="1.0" encoding="UTF-8"?><ml:Project xmlns:ml="http://developer.marklogic.com/site/internal"><ml:name>phpxdbc: XDBC Connectivity for PHP</ml:name><ml:description><p>
This project is PHP code that enables XDBC connectivity
from PHP pages.  This code requires a PHP installation that
inludes curl.  Simple examples are included.
</p><p>
This project was contributed by Raffaele Sena.
</p></ml:description><ml:versions get-involved-href="http://github.com/marklogic/phpxdbc" vcs-type="git"><ml:version href="http://unfuddle.com" server-version="4.0-1" date="2009-09-21"/><ml:version href="http://lorem.com/pubs/4.0/books/install.php" server-version="4.0-1" date="2009-08-11"/></ml:versions><ml:top-threads search="phpxdbc"/></ml:Project>
