<?xml version="1.0" encoding="UTF-8"?><ml:Project xmlns:ml="http://developer.marklogic.com/site/internal"><ml:name>RecordLoader</ml:name><ml:description><p>RecordLoader is a Java-based tool, designed to load
  any number of arbitrary-sized input documents into a Mark Logic database.
  To get started with RecordLoader, try the
  <a href="http://developer.marklogic.com/howto/tutorials/2006-06-recordloader.xqy">tutorial</a>.
  Cababilities include:</p><ul>
<li>load from input files or standard input</li>
<li>input files may be xml files, or zip archives of xml files</li>
<li>autosplit into new documents, using element name</li>
<li>add read-permissions for one or more roles</li>
<li>add collections</li>
<li>generate document uris from a prefix, suffix, and element or attribute value</li>
<li>up to one thread per input file</li>
<li>optionally specify document forest placement</li>
<li>optionally transform content using an XQuery module</li>
<li>plug in subclasses to customize functionality</li>
</ul><p>The current release requires Mark Logic Server 3.2 or later.</p></ml:description><ml:versions get-involved-href="http://github.com/marklogic/recordloader" vcs-type="git"><ml:version href="http://unfuddle.com" server-version="4.0-1" date="2009-09-21"/><ml:version href="http://lorem.com/pubs/4.0/books/install.php" server-version="4.0-1" date="2009-08-11"/></ml:versions><ml:top-threads search="marklogic recordloader"/></ml:Project>
