<?xml version="1.0" encoding="UTF-8"?><ml:Project xmlns:ml="http://developer.marklogic.com/site/internal"><ml:name>SOAP Router</ml:name><ml:description><p>This project is a SOAP Router written in XQuery.
The goal of the SOAP router is to provide a simple framework for
accessing user defined XQuery functions via SOAP requests.
See the SOAP.pdf document for details.
</p><p>
This project was contributed by Darin McBeath of Elsevier.
</p></ml:description><ml:versions get-involved-href="http://github.com/marklogic/soaprouter" vcs-type="git"><ml:version href="http://unfuddle.com" server-version="4.0-1" date="2009-09-21"/><ml:version href="http://lorem.com/pubs/4.0/books/install.php" server-version="4.0-1" date="2009-08-11"/></ml:versions><ml:top-threads search="marklogic soaprouter"/></ml:Project>
