<?xml version="1.0" encoding="UTF-8"?><ml:Project xmlns:ml="http://developer.marklogic.com/site/internal"><ml:name>User Login/Logout/Register XQuery Library</ml:name><ml:description><p>Example XQuery code that demonstrates how to handle user
login and logout as well as self-registration.
This code can serve as the basis for applications that require
user authentication.
</p></ml:description><ml:versions get-involved-href="http://github.com/marklogic/userlogin" vcs-type="git"><ml:version href="http://unfuddle.com" server-version="4.0-1" date="2009-09-21"/><ml:version href="http://lorem.com/pubs/4.0/books/install.php" server-version="4.0-1" date="2009-08-11"/></ml:versions><ml:top-threads search="marklogic userlogin"/></ml:Project>
