<?xml version="1.0" encoding="UTF-8"?><ml:Project xmlns:ml="http://developer.marklogic.com/site/internal"><ml:name>XDBC: XQuery Database Connectivity (Official and Supported) [Legacy]</ml:name><ml:description><p>
This is the official distribution of the Mark Logic 
XDBC Distribution.  XDBC is a Java library that lets
your Java code submit queries to MarkLogic Server.
An official .NET version is also available. 
</p><p>
XDBC is the legacy connector.  It has been replaced
with <a href="http://developer.marklogic.com/download/">XCC</a>,
a new and more featureful connector.  XDBC
has entered maintenance mode and will not be updated
with new features.  You should use XCC for new projects
and you are encouraged to switch from XDBC to XCC if
possible.
</p></ml:description><ml:versions get-involved-href="http://github.com/marklogic/xdbc" vcs-type="git"><ml:version href="http://unfuddle.com" server-version="4.0-1" date="2009-09-21"/><ml:version href="http://lorem.com/pubs/4.0/books/install.php" server-version="4.0-1" date="2009-08-11"/></ml:versions><ml:top-threads search="xdbc"/></ml:Project>
