<?xml version="1.0" encoding="UTF-8"?><ml:Project xmlns:ml="http://developer.marklogic.com/site/internal"><ml:name>xqDoc Web Services</ml:name><ml:description><p>
This project offers the ability to integrate the xqDoc web service on to your
XQuery development workbench.  We view this project as beneficial since
it will help keep your XQuery code and xqDoc documentation synchronized.
For example, imagine changing one of your XQuery modules and then have the
xqDoc xml for that module automatically generated behind the scenes.
This was the fundamental motivation for this project.
</p><p>
This project leverages the MarkLogic Trigger feature and introduces a
general purpose core library module for accessing web services via SOAP.
Since the current MarkLogic Trigger feature is "lightly" documented,
this project (by offering numerous trigger examples) could help those
developers attempting to leverage this new and powerful capability.
Similarly, since the SOAP library module is very generic, it could be
utilized as a starting point for accessing other web services (beyond xqDoc).
</p><p>
This project was contributed by the good folks at
<a href="http://xqdoc.org">xqDoc.org</a>.
</p></ml:description><ml:versions get-involved-href="http://github.com/marklogic/xqdoc-ws" vcs-type="git"><ml:version href="http://unfuddle.com" server-version="4.0-1" date="2009-09-21"/><ml:version href="http://lorem.com/pubs/4.0/books/install.php" server-version="4.0-1" date="2009-08-11"/></ml:versions><ml:top-threads search="xqdoc-ws"/></ml:Project>
