<?xml version="1.0" encoding="UTF-8"?><ml:Project xmlns:ml="http://developer.marklogic.com/site/internal" xmlns="http://www.w3.org/1999/xhtml">
  <ml:name>XQMVC</ml:name>
  <ml:description>
<p>
XQMVC is a web application framework which uses the MVC design pattern
for those who wish to build websites entirely driven by xquery (rather
than a Java or .NET website powered by XCC).  Think (minimal versions
of) Django (python), Rails (ruby), or CakePHP (php) for similar ideas in
other languages.
</p>
<dd>Maintainer: Eric Palmitesta<br/>
Project URL: <a href="http://code.google.com/p/xqmvc/">http://code.google.com/p/xqmvc/</a><br/>
Documentation URL: <a href="http://code.google.com/p/xqmvc/w/list">http://code.google.com/p/xqmvc/w/list</a><br/>
Slideshow from MLUC09: <a href="http://xqmvc.googlecode.com/files/Palmitesta-An-MVC-Driven-Web%20Application-Framework-Why-and-How.pdf">PDF Slideshow</a>
</dd>
  <ml:description>
  <ml:versions get-involved-href="...">
    <ml:version href="http://unfuddle.com" server-version="4.0-1" date="2009-09-21"/> 
    <ml:version href="http://lorem.com/pubs/4.0/books/install.php" server-version="4.0-1" date="2009-08-11"/> 
    <ml:version href="http://ipsum.com" server-version="3.2-2" date="2008-07-04"/> 
  </ml:versions>
  <ml:contributors href="...">
    <ml:contributor>joebloggs</ml:contributor>
  </ml:contributors>
  <ml:top-threads search="xqmvc"/>
</ml:description></ml:description></ml:Project>
