<?xml version="1.0" encoding="UTF-8"?><ml:Project xmlns:ml="http://developer.marklogic.com/site/internal"><ml:name>XQSync</ml:name><ml:description><p>XQSync is a command-line, Java-based tool, useful for 
  synchronizing MarkLogic contentbases to and from 
  other contentbases, filesystems, and zip-files.
  To get started using XQSync, try the 
  <a href="http://developer.marklogic.com/howto/tutorials/2006-08-xqsync.xqy">tutorial</a>.
</p><p>The current release requires Mark Logic Server 3.2 or later.</p></ml:description><ml:versions get-involved-href="http://github.com/marklogic/xqsync" vcs-type="git"><ml:version href="http://unfuddle.com" server-version="4.0-1" date="2009-09-21"/><ml:version href="http://lorem.com/pubs/4.0/books/install.php" server-version="4.0-1" date="2009-08-11"/></ml:versions>
<ml:top-threads search="xqsync"/></ml:Project>
