<?xml version="1.0" encoding="UTF-8"?><ml:widget xmlns="http://www.w3.org/1999/xhtml" xmlns:ml="http://developer.marklogic.com/site/internal">
  <div class="head">
    <h2>Getting Started</h2>
  </div>
  <div class="body">
    <h3>Mark Logic Server – Release 4.1</h3>
    <p>Download MarkLogic Server today and be up and running in no time. MarkLogic Server comes in two major editions with several licensing options to accommodate small to extensive deployments.</p>

    <ul class="more">
      <li><a href="">Documentation &gt;</a></li>
    </ul>
    <a class="download" href="/products"><img src="/images/b_download.png" alt="Download" title=""/></a>
  </div>
</ml:widget>
