<?xml version="1.0" encoding="UTF-8"?><ml:widget xmlns="http://www.w3.org/1999/xhtml" xmlns:ml="http://developer.marklogic.com/site/internal">
  <div class="head">
    <h2>Mark Logic Bloggers</h2>
    <a class="more" href="">View all</a>
  </div>
  <div class="body">

    <a href=""><strong>Micahpedia</strong></a> <span class="date">9/22/09</span>
    <div>XForms Developer Zone</div>
  </div>
  <div class="body">
    <a href=""><strong>MarkLogic JSP Tag Library</strong></a> <span class="date">9/16/09</span>

    <div>Mark Logic Digital Publishing Summit 12/10/09 at The Plaza</div>
  </div>
  <div class="body">
    <a href=""><strong>Matt Turner</strong></a> <span class="date">9/12/09</span>
    <div>Getting Ready: T-minus 3 Days to the Mark Logic User Conference</div>
  </div>

  <div class="body">
    <a href=""><strong>Micahpedia</strong></a> <span class="date">9/22/09</span>
    <div>XForms Developer Zone</div>
  </div>
  <div class="body">
    <a href=""><strong>MarkLogic JSP Tag Library</strong></a> <span class="date">9/16/09</span>

    <div>Mark Logic Digital Publishing Summit 12/10/09 at The Plaza</div>
  </div>
  <div class="body">
    <a href=""><strong>Matt Turner</strong></a> <span class="date">9/12/09</span>
    <div>Getting Ready: T-minus 3 Days to the Mark Logic User Conference</div>
  </div>

  <div class="body">
    <a class="more" href="">+ Show more</a>
  </div>
</ml:widget>
