<?xml version="1.0" encoding="UTF-8"?><ml:widget xmlns="http://www.w3.org/1999/xhtml" xmlns:ml="http://developer.marklogic.com/site/internal">
            <div class="head">
              <h2>MarkLogic Products</h2>
            </div>
            <div class="body">
              <h3><a href="">MarkLogic Server - Release 4.1</a></h3>

              <p>Lorem ipsum dolor sit amet, consectetur adipisicing elit, sed do eiusmod tempor incididunt ut labore et dolore magna aliqua. Ut enim ad minim veniam. Sed do eiusmod tempor incididunt ut labore.</p>
            </div>
            <div class="body">
              <h3><a href="">MarkLogic Toolkit for PowerPoint®</a></h3>
              <p>Lorem ipsum dolor sit amet, consectetur adipisicing elit, sed do eiusmod tempor incididunt ut labore et dolore magna aliqua. Ut enim ad minim veniam. Sed do eiusmod tempor incididunt ut labore et dolore magna aliqua. Ut enim ad minim veniam.</p>
            </div>
            <div class="body">

              <h3><a href="">MarkLogic Lorem Ipsum</a></h3>
              <p>Lorem ipsum dolor sit amet, consectetur adipisicing elit, sed do eiusmod tempor incididunt ut labore et dolore.</p>
            </div>
            <div class="body">
              <a href="" class="more">View all &gt;</a>
            </div>

</ml:widget>
