<?xml version="1.0" encoding="UTF-8"?><ml:widget xmlns="http://www.w3.org/1999/xhtml" xmlns:ml="http://developer.marklogic.com/site/internal">
  <div class="head">
    <h2>Organize a User Group</h2>

  </div>
  <div class="body">
    <p>If you are interested in starting a new user group you are encouraged to use the mailing list to find other users in your region and to contact Mark Logic for sponsorship. Mark Logic provides support for User Groups, such as modest financial support to cover refreshments and AV Content and technical speakers when appropriate.</p>
    <p><a class="more" href="">More information &gt;</a></p>
  </div>
</ml:widget>
