<?xml version="1.0" encoding="UTF-8"?><ml:Announcement xmlns:ml="http://developer.marklogic.com/site/internal" xmlns="http://www.w3.org/1999/xhtml">
  <ml:title>DemoJam Participants Selected for MarkLogic User's Conference 2010</ml:title>
  <ml:date>2010-04-28</ml:date>
  <ml:body>
    <ml:teaser>
We are excited to announce the participants for the upcoming DemoJam on May 3rd, sponsored
by our partners, <a href="http://www.avalonconsult.com/">Avalon Consulting LLC</a>.
The DemoJam will start promptly at 5pm on the Pacific Terrace of the Intercontinental Hotel.
At 5PM, Matt Turner and Norm Walsh will draw the random order.
Participants will then be called to the stage in that order and given 300 seconds to impress the 
crowd and take home an iPad.
    </ml:teaser>
   <p>
       The list of participants in no specific order is:
   </p>
   <p>
    <ul>
	<li> Mike Fagan, Booz Allen Hamilton</li>
	<li> Evan Lenz. Lenzconsulting</li>
	<li> Ryan Sappenfield, FlatIrons</li>
	<li> Laurens van den Oever </li>
	<li> Markus Pilman </li>
	<li> JD Vogt, MarkLogic</li>
	<li> Sandeep Sridharan, Laserwords  </li>
	<li> Scott Cipriano and Tom Beyer, IFactory</li>
	<li> Darin McBeath,  Elsevier</li>
	<li> Betty Harvey, XML Guild</li>
      </ul>
   </p>
   <p>  </p>
  </ml:body>
</ml:Announcement>