<?xml version="1.0" encoding="UTF-8"?><page xmlns="http://developer.marklogic.com/site/internal" xmlns:x="http://www.w3.org/1999/xhtml">

  <product-info name="MarkLogic Connector for SharePoint®" license-page="">
    <platform name="Microsoft Windows (Server, XP, and Vista)">
      <download href="/download/binaries/SharePoint/SharePointConnector-1.0-1.zip" size="11MB" date="2009-07-24">Release 1.0.1 zip package</download>
    </platform>
  </product-info>

  <product-documentation>
    <doc source="/learn/sharepoint-install-guide.xml"/> <!-- fixme -->
  </product-documentation>

</page>