<?xml version="1.0" encoding="UTF-8"?><page xmlns="http://developer.marklogic.com/site/internal" xmlns:x="http://www.w3.org/1999/xhtml">

<div xmlns="http://www.w3.org/1999/xhtml">
<p><b>
MarkLogic Server and Amazon EC2</b></p><p>
We are pleased to announce the availability of a MarkLogic Server 4.1-4 Standard Edition AMI (Amazon Machine Image) on the EC2 platform. This AMI is available as an hourly pay-per-use product, and can be used for anything from prototyping to test and development to full production applications. MarkLogic Server Standard Edition is limited to 40GB database size and is restricted to a single node (no multi-node clusters). There is no limit to the number of instances you can create from this AMI and of course you can instantiate and terminate them at any time. 
</p><p><b>
Subscriptions
</b></p><p>
The following link, which includes pricing information, is provided for purchasing a subscription to the MarkLogic Server 4.1-4 Standard Edition AMI service:

</p><p><a href="https://aws-portal.amazon.com/gp/aws/user/subscription/index.html?offeringCode=86D30D60">MarkLogic Server 4.1-4 Standard Edition for EC2

</a></p><p>
To purchase, you must have an account with Amazon and you must have signed up for the EC2 service. Once you subscribe, you can access the AMI by searching for "marklogic" in the "Public AMIs" portion of the EC2 management console provided by Amazon. Alternatively, you can search using the official Amazon ID for this AMI, which is "ami-c4a04dad". The manifest string is:<br/>"ga.marklogic/MarkLogic-4.1-4.1.x86_64.manifest.xml". 
</p><p><b>
Community License
</b></p><p>
The Community License is available for personal non-commercial projects, and is provided with no Mark Logic charges on top of the normal Amazon fees. It does not restrict you to a fixed trial period, but is limited to 10GB of content. Use of MarkLogic Server under the Community License is restricted to two instances per organization. 
</p><p>
For your convenience, Mark Logic has made an AMI publicly available with MarkLogic Server pre-installed to make it easier to get a Community Licensed instance up and running. You can search for "marklogic" under "Public Images" from within the EC2 management console, or you can searh for its AMI id which is "ami-c0b35ea9". The manifest string is:<br/> "ga.marklogic/MarkLogic-4.1-4.1.x86_64.Community.manifest.xml".
</p><p>
The instructions in the MarkLogic Server for EC2 Guide apply to launching this AMI as well, only you will be prompted for a license key rather than being presented with an end user license agreement immediately. On the page where you are prompted for a key, you can simply click on the "free" button to obtain your Community License key. 
</p><p></p><p><b>
MarkLogic Server for EC2 How To Video
</b></p><object width="425" height="344"><param name="movie" value="http://www.youtube.com/v/riAQcwZsWQk&amp;hl=en_US&amp;fs=1&amp;"/><param name="allowFullScreen" value="true"/><param name="allowscriptaccess" value="always"/><embed src="http://www.youtube.com/v/riAQcwZsWQk&amp;hl=en_US&amp;fs=1&amp;" type="application/x-shockwave-flash" allowscriptaccess="always" allowfullscreen="true" width="425" height="344"></embed></object><p><b>

Additional Resources
</b></p><p>
Download the MarkLogic Server for EC2 Guide (below) for more information.
</p><p>
For more information on Amazon Web Services, see <a href="http://aws.amazon.com/ec2/">here</a>.
</p>
</div>


  <product-documentation>
    <doc source="/learn/ec2-guide.xml"/>
  </product-documentation>

</page>