<?xml version="1.0" encoding="UTF-8"?><ml:Project xmlns:ml="http://developer.marklogic.com/site/internal"><ml:name>AutoLoader</ml:name><ml:description><p>AutoLoader is a Java-based tool that 
monitors a directory for new files. These files are then automatically loaded into Mark Logic server via <a href="/code/recordloader">RecordLoader</a>.
	For more information about the capabilities of RecordLoader, try the
  <a href="/learn/record-loader">tutorial</a>.
  Specifically, AutoLoader features include:</p><ul>
<li>Monitor a directory for new files to be automatically loaded</li>
<li>Leverages the full power of RecordLoader for the actual loading of the files</li>
<li>Runs from the command line without a UI for ease of use on production servers</li>
</ul><p>The current release packages a very slightly modified version of RecordLoader. As RecordLoader is updated AutoLoader will also be updated to stay in sync with the latest changes.</p></ml:description>
<ml:versions get-involved-href="http://github.com/marklogic/AutoLoader" repo="github">
<ml:version href="/download/binaries/code/AutoLoader/releases/AutoLoader-1.0.1.jar" date="2009-01-01:T12:00" server-version="3.2"/>
<ml:version href="/download/binaries/code/AutoLoader/releases/AutoLoader-1.0.jar" date="2009-01-01:T12:00" server-version="3.2"/>
<ml:version href="/download/binaries/code/AutoLoader/releases/clopt.jar" date="2009-01-01:T12:00"/>
<ml:version href="/download/binaries/code/AutoLoader/releases/jmxri.jar" date="2009-01-01:T12:00"/>
<ml:version href="/download/binaries/code/AutoLoader/releases/org.sadun.util.jar" date="2009-01-01:T12:00"/>
<ml:version href="/download/binaries/code/AutoLoader/releases/pollmgt.jar" date="2009-01-01:T12:00"/>
<ml:version href="/download/binaries/code/AutoLoader/releases/README.txt" date="2009-01-01:T12:00"/>
<ml:version href="/download/binaries/code/AutoLoader/releases/RecordLoaderMod.jar" date="2009-01-01:T12:00"/>
<ml:version href="/download/binaries/code/AutoLoader/releases/xcc.jar" date="2009-01-01:T12:00"/>
<ml:version href="/download/binaries/code/AutoLoader/releases/xpp3-1.1.4.jar" date="2009-01-01:T12:00"/>
  <ml:short-description>Java-based tool that monitors a directory for new files and loads them via <a href="/code/recordloader">RecordLoader</a>.</ml:short-description>
</ml:versions></ml:Project>