<?xml version="1.0" encoding="UTF-8"?><ml:Project xmlns:ml="http://developer.marklogic.com/site/internal"><ml:name>XQuery Commons</ml:name><ml:description><p>
The Mark Logic XQuery Commons is an umbrella project that
encompasses small, self-contained components.  These small
"bits and bobs" do not constitute complete applications in
their own right, but can be re-used in many different contexts.
</p><p>
Subcategories include HTTP, Date, and Search utilities.  If you have
your own favorite functions, write the mailing list to contribute them!
</p></ml:description>
<ml:short-description>Umbrella project for small, self-contained XQuery components</ml:short-description>
<ml:versions get-involved-href="http://github.com/marklogic/commons" repo="github"/></ml:Project>