<?xml version="1.0" encoding="UTF-8"?><ml:Project xmlns:ml="http://developer.marklogic.com/site/internal"><ml:name>Corb</ml:name><ml:description><p>
      Corb is a Java-based tool for content reprocessing in bulk.
      To get started with Corb, see the
      <a href="http://marklogic.github.com/corb/README.html">README</a> file.
    </p><p>
      Corb requires Mark Logic Server 3.2-1 or later. 
    </p></ml:description>
<ml:short-description>Java-based tool for bulk content re-processing</ml:short-description>
<ml:versions get-involved-href="http://github.com/marklogic/corb" repo="github"><ml:version href="/download/binaries/code/corb/releases/corb.jar" date="2009-01-01:T12:00" server-version="4.1"/></ml:versions></ml:Project>