<?xml version="1.0" encoding="UTF-8"?><ml:Project xmlns:ml="http://developer.marklogic.com/site/internal" xmlns="http://www.w3.org/1999/xhtml">
  <ml:name>MarkLogic CQ</ml:name>
  <ml:short-description>Web-based XQuery execution and debugging tool</ml:short-description>
  <ml:description>
          <p>CQ is a web-based XQuery tool, which allows developers to write ad hoc queries without managing .xqy files. Leveraging the web browser's built-in XML tree view, html view, and JavaScript engine, CQ is almost an IDE. You can view the results of your queries as XHTML, XML, or plain text. You can also profile the performance of your queries. You can work on multiple queries at once, browse your query history, change content sources, and save your queries to multiple, persistent sessions. </p>
          <div class="special_img">
            <div class="top"></div>
            <div class="section">
              <img iwidth="350" height="250" src="/media/cq.png" alt="Screen shot of MarkLogic CQ interface"/>
              <a href="/media/cq.png" class="enlarge">Enlarge image</a>
            </div>
          </div>
          <p>CQ is designed for use with MarkLogic Server. It must be installed within the root of an HTTP Application Server. CQ is tested with FireFox 3 and Internet Explorer 7. Some features may not work on other browsers.</p>
          <p>The latest release requires MarkLogic Server 4.0-1 or later. Older releases are available for earlier versions of MarkLogic Server.</p>
  </ml:description>
  <ml:versions get-involved-href="http://github.com/marklogic/cq" repo="github">
   <ml:version href="/download/code/cq/releases/mark-logic-cq-3.2-7.zip" date="2009-01-01:T12:00" server-version="3.2"/>
   <ml:version href="/download/code/cq/releases/mark-logic-cq-4.0-4.zip" date="2009-01-01:T12:00" server-version="4.0"/>
   <ml:version href="/download/code/cq/releases/mark-logic-cq-4.1-1.zip" date="2009-01-01:T12:00" server-version="4.1"/>
  </ml:versions>
</ml:Project>