<?xml version="1.0" encoding="UTF-8"?><ml:Project xmlns:ml="http://developer.marklogic.com/site/internal"><ml:name>CQSH - An XQuery Shell</ml:name><ml:description><p>
cqsh is a command line interface for Mark Logic. cqsh was built to be an
alternative to the web interface cq that comes with Mark Logic. It has Readline 
capabilities and allows you to issue queries, load files, and interact with Mark
Logic from a shell environment. cqsh can also be run in batch mode by reading
from stdin or passing in a file path using the -f flag.
</p><p>New in version 0.5.0:</p><ul>
	<li>Updated code to use new Java XCC connectivity library</li>
	<li>New load command options --permission, --collection, --quality</li>
</ul><p>
This project was contributed by Andy Bruno of O'Reilly Media.
</p></ml:description>
<ml:short-description>Command-line interface to MarkLogic</ml:short-description>
<ml:versions get-involved-href="http://github.com/marklogic/cqsh" repo="github">
<ml:version href="/download/binaries/code/cqsh/releases/cqsh-0.0.3.tar.gz" date="2009-01-01:T12:00"/>
<ml:version href="/download/binaries/code/cqsh/releases/cqsh-0.0.3.zip" date="2009-01-01:T12:00"/>
<ml:version href="/download/binaries/code/cqsh/releases/cqsh-0.5.0-bin.tar.gz" date="2009-01-01:T12:00"/>
<ml:version href="/download/binaries/code/cqsh/releases/cqsh-0.5.0-bin.zip" date="2009-01-01:T12:00"/>
<ml:version href="/download/binaries/code/cqsh/releases/cqsh-0.5.0.exe" date="2009-01-01:T12:00"/>
<ml:version href="/download/binaries/code/cqsh/releases/cqsh-0.5.0-exe.jar" date="2009-01-01:T12:00"/>
<ml:version href="/download/binaries/code/cqsh/releases/cqsh-0.5.0-src.tar.gz" date="2009-01-01:T12:00"/>
<ml:version href="/download/binaries/code/cqsh/releases/cqsh-0.5.0-src.zip" date="2009-01-01:T12:00"/>
<ml:version href="/download/binaries/code/cqsh/releases/README.txt" date="2009-01-01:T12:00"/>
</ml:versions></ml:Project>