<?xml version="1.0" encoding="UTF-8"?><ml:Project xmlns:ml="http://developer.marklogic.com/site/internal"><ml:name>Dictionaries and Thesauri</ml:name>
<ml:description>A set of dicitionaries and thesauri</ml:description>
<ml:short-description>A set of dicitionaries and thesauri</ml:short-description>
<ml:versions get-involved-href="http://github.com/marklogic/dictionaries" repo="github">
<ml:version href="/download/binaries/code/dictionaries/releases/README.txt" date="2009-01-01:T12:00" server-version="4.1"/></ml:versions></ml:Project>