<?xml version="1.0" encoding="UTF-8"?><ml:Project xmlns:ml="http://developer.marklogic.com/site/internal"><ml:name>Facebook XQuery Library</ml:name><ml:description><p>
            This package includes an XQuery library for programming on the Facebook Platform. 
            The Facebook Platform is a standards-based Web service with methods for accessing and contributing Facebook data.
        </p><p>Version 1.0.0:</p><ul>
            <li>An importable module for creating an application configuration and making Facebook API calls.</li>
            <li>Basic example applications illustrating usage of the API.</li>
        </ul><p>The Facebook XQuery library is distributed under the Apache License, Version 2.0.</p><p>
            This project was contributed by David Amusin of Mark Logic.
        </p></ml:description>
<ml:short-description>XQuery librar for programming the Facebook Platform</ml:short-description>
<ml:versions get-involved-href="http://github.com/marklogic/facebook" repo="github"><ml:version href="/download/binaries/code/facebook/releases/facebook-1.0.0.zip" date="2009-01-01:T12:00" server-version="4.1"/></ml:versions></ml:Project>