<?xml version="1.0" encoding="UTF-8"?><ml:Project xmlns:ml="http://developer.marklogic.com/site/internal"><ml:name>Feed</ml:name><ml:description><p>
	Feed is a library for accessing, subscribing to, and managing
	RSS and Atom Feeds.
	</p><p>
	Feed supports Atom 1.0, RSS 0.3, RSS 1.0, and RSS 2.0. 
	</p><p>
	It requires the <a href="http://github.com/marklogic/commons/tree/master/dates">dates module</a> from the 
    <a href="/code/commons">project</a>.
	</p></ml:description>
<ml:versions get-involved-href="http://github.com/marklogic/feed" repo="github">
<ml:version href="/download/binaries/code/feed/releases/feed-1.0.0.zip" date="2009-01-01:T12:00" server-version="4.1"/>
</ml:versions>
<ml:short-description>XQuery library for accessing, subsubscribing to, and managing RSS and Atom feeds</ml:short-description>
</ml:Project>