<?xml version="1.0" encoding="UTF-8"?><ml:Project xmlns:ml="http://developer.marklogic.com/site/internal"><ml:name>Mark Logic XQuery JSP Tag Library</ml:name><ml:description><p>A custom Java Server Pages (JSP) Tag Library that can submit
XQuery requests to a MarkLogic Server engine from within
a J2EE container and receive the result.</p><p>This tag library simplifies integration with J2EE applications
by encapsulating communication with the server into standardized
JSP tag syntax.  The tags can pass XQuery results to other J2EE components
and/or generate XQuery scripts on the fly from information within
a J2EE application.</p><p>Modeled after the JSP Standard Tag Library (JSTL) in general and
the JSTL SQL tags in particular this powerful library can make it
very easy to integrate MarkLogic Server-based content into
a J2EE web application.</p><p>
Version 0.9.3 includes the latest (1.1.2) JSTL jar files.
</p><p>
New in version 0.9.2: Make bundled xqrunner.jar 1.4 compatible, add
explicit welcome file element to web.xml.
</p><p>
New in version 0.9.1: Activate links to JSP source in example webapp,
bug fix in body tags that caused hangs in some containers, misc fixup.
</p><p>
New in version 0.9: external variables, XQRunner back-end</p><p>
Note: Versions of xqrunner.jar and xcc.jar are included in this release to
aid in compiling the tag library source.  You should use the latest
XQRunner and XCC releases when deploying this JSP tag library.
</p></ml:description>
<ml:short-description>A custom Java Server Pages (JSP) Tag Library that can submit XQuery requests to a MarkLogic Server engine from within
a J2EE container and receive the result.</ml:short-description>
<ml:versions get-involved-href="http://github.com/marklogic/jsp" repo="github">
    <ml:version href="/download/binaries/code/jsp/releases/MLXQueryTaglib-0.9.3.zip" date="2009-01-01:T12:00" server-version="4.1"/>
    <ml:version href="/download/binaries/code/jsp/releases/MLXQueryTaglib-src-0.9.3.zip" date="2009-01-01:T12:00" server-version="4.1"/>
    <ml:version href="/download/binaries/code/jsp/releases/README.txt" date="2009-01-01:T12:00" server-version="4.1"/>
</ml:versions>
</ml:Project>