<?xml version="1.0" encoding="UTF-8"?><ml:Project xmlns:ml="http://developer.marklogic.com/site/internal"><ml:name>libmlxcc - Mark Logic Connector for C, PHP, Perl, Ruby, and Python</ml:name><ml:description><p>
mlxcc is a C API for communicating with Mark Logic with bindings for perl, php,
python, and ruby. It provides an implementation of the underlying wire protocol
used to communicate with the server and is based off of the Java XCC/J
libraries provided by Mark Logic. The goal of mlxcc is to provide a base
interface into Mark Logic in which bindings into other popular languages can be
built. You can download a copy <a href="http://xqzone.marklogic.com/svn/libmlxcc/releases/">here</a>.
</p><p>
For more information see the project wiki at: <a href="http://mlxcc.qnot.org">http://mlxcc.qnot.org</a>
</p><p>
This project was contributed by Andy Bruno of O'Reilly Media.
</p></ml:description>
<ml:versions get-involved-href="http://github.com/marklogic/libmlxcc" repo="github">

<ml:version href="/space/download/code/libmlxcc/releases/src/mlxcc-0.5.3.tar.gz"/>
<ml:version href="/space/download/code/libmlxcc/releases/src/perl-xcc-0.5.3.tar.gz"/>
<ml:version href="/space/download/code/libmlxcc/releases/src/php-xcc-0.5.3.tar.gz"/>
<ml:version href="/space/download/code/libmlxcc/releases/src/python-xcc-0.5.3.tar.gz"/>
<ml:version href="/space/download/code/libmlxcc/releases/src/ruby-xcc-0.5.3.tar.gz"/>
<ml:version href="/space/download/code/libmlxcc/releases/RPMS/mlxcc-0.5.3-1.i386.rpm"/>
<ml:version href="/space/download/code/libmlxcc/releases/SRPMS/mlxcc-0.5.3-1.src.rpm"/>
<ml:version href="/space/download/code/libmlxcc/releases/GEMS/ruby-xcc-0.5.3.gem"/>
<ml:version href="/space/download/code/libmlxcc/releases/debian/mlxcc_0.5.3-2_i386.deb"/>
<ml:version href="/space/download/code/libmlxcc/releases/slackware/mlxcc-0.5.3.tgz"/>

</ml:versions>
<ml:short-description>
C API for communicating with Mark Logic with bindings for perl, php,
python, and ruby. It provides an implementation of the underlying wire protocol
used to communicate with the server and is based off of the Java XCC/J libraries provided by Mark Logic
</ml:short-description>

</ml:Project>