<?xml version="1.0" encoding="UTF-8"?><ml:Project xmlns:ml="http://developer.marklogic.com/site/internal"><ml:name>MarkLogic Toolkit for Word</ml:name><ml:description><p id="marklogic-toolkit-for-word">
			The MarkLogic Toolkit for Word<sup>®</sup>
			allows you to quickly build content applications with MarkLogic Server that
			extend the functionality of Microsoft Word and leverage Office Open XML
			(OOXML), the native document format of Word 2007.
		</p><p>With the Toolkit for Word you can build a new class of applications to
		</p><ul>
			<li>Find and reuse granular information across your organization</li>
			<li>Enrich Word documents for search and analytics</li>
			<li>Enhance Word documents with custom metadata</li>
		</ul><p>...all within the familiar authoring environment of Microsoft Word.</p><p>The Toolkit for Word comes with a bootstrap add-in that allows you to
			deploy web-based content applications into Word. This means you can use
			familiar web development techniques, such as HTML and JavaScript, to build
			powerful applications with MarkLogic Server that work in concert with the
			Word authoring environment. Sample add-in applications included with the
			Toolkit provide quick-start templates for typical use cases, including
			granular search and reuse and custom metadata management. The Toolkit
			simplifies enterprise-wide deployments with a client-server architecture and
			no-configuration installations for authors. The Toolkit for Word also
			includes XQuery libraries for building server-based applications to assemble,
			manipulate, and deliver Office Open XML for Office 2007 and other XML-based
			workflows. </p><p>The MarkLogic Toolkit for Word is distributed as an open source project
			sponsored by Mark Logic. 
			Under the terms of the Apache 2.0 license, you are
			free to inspect and change the code to suit your needs. However, we encourage
			you to contribute enhancements and bug fixes back for the benefit of the
			entire community. For more information about this project or how to contribute please contact <a href="mailto:opensource@marklogic.com">opensource@marklogic.com</a>.</p></ml:description>
<ml:versions get-involved-href="http://marklogictkw.codeplex.com/" repo="codeplex">
<ml:version href="/download/binaries/code/marklogic-toolkit-for-word/releases/MarkLogic-Toolkit-for-Word-1.0-1.zip" date="2009-01-01:T12:00"/>
<ml:version href="/download/binaries/code/marklogic-toolkit-for-word/releases/MarkLogic-Toolkit-for-Word-1.1-1.zip" date="2009-01-01:T12:00"/>
</ml:versions>
<ml:short-description>
Toolkit for working with Microsoft Word documents in Mark Logic and a Microsoft Word add-in.
</ml:short-description>
</ml:Project>