<?xml version="1.0" encoding="UTF-8"?><ml:Project xmlns:ml="http://developer.marklogic.com/site/internal"><ml:name>MarkLogic Toolkit for Excel</ml:name><ml:description><p id="marklogic-toolkit-for-excel">
			The MarkLogic Toolkit for Excel<sup>®</sup>
			allows you to quickly build applications with MarkLogic Server that
			extend the functionality of Microsoft Excel and leverage Office Open XML
			(OOXML), the native document format of Excel 2007.
		</p><p>With the Toolkit for Excel you can build a new class of applications to 
		</p><ul>
			<li>Search across your organization&#146;s Excel files for worksheets, cells, formulas, etc.</li>
			<li>Create new Excel workbooks from existing XML documents</li>
			<li>Manipulate workbooks stored in your repository with a built-in XQuery library</li>
			<li>Enhance Excel documents with custom metadata</li>
		</ul><p>The Toolkit for Excel comes with an add-in that allows you to deploy web-based applications into Excel. This means you can use familiar web development techniques, such as HTML and JavaScript, to build powerful applications with MarkLogic Server that work in concert with Excel. Sample add-in applications included with the Toolkit provide quick-start templates for typical use cases, including search, reuse and custom metadata management.  The Toolkit for Excel includes XQuery libraries for building server-based applications to assemble, manipulate, and deliver Office Open XML for Office 2007 and other XML-based workflows. </p><p>The MarkLogic Toolkit for Excel is distributed as an open source project sponsored by Mark Logic. Under the terms of the Apache 2.0 license, you are free to inspect and change the code to suit your needs. However, we encourage you to contribute enhancements and bug fixes back for the benefit of the entire community. For more information about this toolkit or how to contribute please contact  <a href="mailto:opensource@marklogic.com">opensource@marklogic.com</a>.</p></ml:description>
<ml:versions get-involved-href="http://marklogictke.codeplex.com/" repo="codeplex">
<ml:version href="/download/binaries/code/marklogic-toolkit-for-excel/releases/MarkLogic-Toolkit-for-Excel-1.0-1.zip" date="2009-01-01:T12:00"/>
<ml:version href="/download/binaries/code/marklogic-toolkit-for-excel/releases/MarkLogic-Toolkit-for-Excel-1.0-2.zip" date="2009-01-01:T12:00"/></ml:versions>
<ml:short-description>
Toolkit for working with Microsoft Excel documents in Mark Logic and a Microsoft Excel add-in.
</ml:short-description>
</ml:Project>