<?xml version="1.0" encoding="UTF-8"?><ml:Project xmlns:ml="http://developer.marklogic.com/site/internal"><ml:name>MLJAM</ml:name><ml:description><p>MLJAM is an open source XQuery and Java library (written by Jason Hunter of
Mark Logic and Ryan Grimm of O'Reilly Media) that enables the evaluation of Java
code from the MarkLogic Server environment.  MLJAM gives XQuery programs access
to the vast libraries and extensive capabilities of Java, without any
difficult glue coding.  Example uses for MLJAM:</p><ul>
<li>Extracting image metadata</li>
<li>Resizing and reformatting an image</li>
<li>Running an XSLT transformation</li>
<li>Generating a PDF from XSL-FO</li>
<li>Calculating an MD5 hash</li>
<li>Interfacting into a user authentication system</li>
<li>Accessing a credit card purchasing system</li>
<li>Connecting to a secure HTTPS web site</li>
<li>Re-encoding content as UTF-8</li>
</ul><p>MLJAM is distributed under the Apache License, Version 2.0.</p><p>Read the <a href="/howto/tutorials/2006-05-mljam.xqy">MLJAM Tutorial</a>.</p><p>Version 1.2.1 fixes a regex issue on encoding special strings that was present in 1.2.</p></ml:description>
<ml:short-description>XQuery and Java libraries that enable Java code execution from within MarkLogic</ml:short-description>
<ml:versions get-involved-href="http://github.com/marklogic/mljam" repo="github"><ml:version href="/download/binaries/code/mljam/releases/mljam-1.0.zip" date="2009-01-01:T12:00" server-version="4.1"/><ml:version href="/download/binaries/code/mljam/releases/mljam-1.1.zip" date="2009-01-01:T12:00" server-version="4.1"/><ml:version href="/download/binaries/code/mljam/releases/mljam-1.2.1.zip" date="2009-01-01:T12:00" server-version="4.1"/><ml:version href="/download/binaries/code/mljam/releases/mljam-1.2.zip" date="2009-01-01:T12:00" server-version="4.1"/><ml:version href="/download/binaries/code/mljam/releases/mljam-src-1.0.zip" date="2009-01-01:T12:00" server-version="4.1"/><ml:version href="/download/binaries/code/mljam/releases/mljam-src-1.1.zip" date="2009-01-01:T12:00" server-version="4.1"/><ml:version href="/download/binaries/code/mljam/releases/mljam-src-1.2.1.zip" date="2009-01-01:T12:00" server-version="4.1"/><ml:version href="/download/binaries/code/mljam/releases/mljam-src-1.2.zip" date="2009-01-01:T12:00" server-version="4.1"/></ml:versions></ml:Project>