<?xml version="1.0" encoding="UTF-8"?><ml:Project xmlns:ml="http://developer.marklogic.com/site/internal"><ml:name>MLSQL</ml:name><ml:description><p>MLSQL is an open source XQuery library (written by Jason Hunter of Mark Logic
and Ryan Grimm of O'Reilly Media) that allows easy access to relational
database systems from within the MarkLogic environment.</p><p>MLSQL lets you
execute arbitrary SQL commands against any relational database
(MySQL, Oracle, DB2, SQL Server, Derby, etc) and it captures the results as XML for processing
within the MarkLogic environment.  Using the library enables XQuery
applications to leverage a relational database without having to resort to
Java or C# glue code to manage the interaction.</p><p>The 1.1 release includes support for OUT and INOUT parameters.  It also
fixes an issue where update statements against Oracle would exception out
during the fetching on non-existent generated keys.</p><p>MLSQL is distributed under the Apache License, Version 2.0.</p><p>Read the <a href="/howto/tutorials/2006-04-mlsql.xqy">MLSQL Tutorial</a>.</p></ml:description>
<ml:short-description>Execute arbitrary SQL commands against any RDBMS and capture the results as XML in MarkLogic</ml:short-description>
<ml:versions get-involved-href="http://github.com/marklogic/mlsql" repo="github"><ml:version href="/download/binaries/code/mlsql/releases/mlsql-1.0.zip" date="2009-01-01:T12:00" server-version="4.1"/><ml:version href="/download/binaries/code/mlsql/releases/mlsql-1.1.zip" date="2009-01-01:T12:00" server-version="4.1"/><ml:version href="/download/binaries/code/mlsql/releases/mlsql-src-1.0.zip" date="2009-01-01:T12:00" server-version="4.1"/><ml:version href="/download/binaries/code/mlsql/releases/mlsql-src-1.1.zip" date="2009-01-01:T12:00" server-version="4.1"/></ml:versions></ml:Project>