<?xml version="1.0" encoding="UTF-8"?><ml:Project xmlns:ml="http://developer.marklogic.com/site/internal" xmlns="http://www.w3.org/1999/xhtml">
  <ml:name>Narthex</ml:name>
  <ml:short-description>MarkLogic Database explorer/editor, CRUD, and AtomPub interface</ml:short-description>
  <ml:description>
        <p> Narthex is a front-end that simplifies understanding and working with content in a MarkLogic Server database. </p>

        <p> Narthex provides three complementary interfaces for interacting with documents and metadata:
            <ul>
	<li>HTML/AJAX for editors/DBAs/content owners to browse, search, and edit content</li>
	<li>AtomPub to provide syndication services and integration with other tools and languages</li>
	<li>"Plain-old-CRUD" for quickly adding, updating, and deleting XML, text, and binary documents over HTTP </li>
      </ul>
        </p>

        <h2>Features</h2>
        <ul>
      <li>Browse all documents or by collection</li>
      <li>Full-text search over all documents or by collection</li>
      <li>Update document XML (syntax highlighting in the browser)</li>
      <li>Update document properties and metadata (permissions, collections, etc.)</li>
      <li>Create new documents at any database URI</li>
      <li>Remove documents</li>
      <li>Visualize document elements to spot patterns and anomalies </li>
    </ul>
  </ml:description>
  <ml:versions get-involved-href="http://code.google.com/p/narthex/source/browse" repo="google code">
</ml:versions></ml:Project>