<?xml version="1.0" encoding="UTF-8"?><ml:Project xmlns:ml="http://developer.marklogic.com/site/internal"><ml:name>PerformanceMeters</ml:name><ml:description><p>PerformanceMeters is a Java-based, XML-driven tool for 
    testing XQuery with MarkLogic Server.
    To get started with PerformanceMeters, try the
    <a href="http://developer.marklogic.com/howto/tutorials/2006-07-performancemeters.xqy">tutorial</a>.
    </p><p>Capabilities include:</p><ul>
      <li>test arbitrary queries</li>
      <li>test via XCC or HTTP</li>
      <li>configure via XML</li>
      <li>supports setup and tear-down queries</li>
      <li>performance metrics, including percentile-response times</li>
      <li>support for arbitrary query generator classes</li>
      <li>support for arbitrary result formatter classes</li>
    </ul></ml:description>
<ml:short-description>Java-based XML-drive tool for testing XQuery with MarkLogic Server</ml:short-description>
<ml:versions get-involved-href="http://github.com/marklogic/performance-meters" repo="github"><ml:version href="/download/binaries/code/performance-meters/releases/performance-meters.jar" date="2009-01-01:T12:00" server-version="4.1"/></ml:versions></ml:Project>