<?xml version="1.0" encoding="UTF-8"?><ml:Project xmlns:ml="http://developer.marklogic.com/site/internal"><ml:name>perlxdbc: XDBC Connectivity for Perl</ml:name><ml:description><p>
This project is a Perl module that enables XDBC connectivity
from Perl scripts.
</p><p>
This project was contributed by Tony Stubblebine of O'Reilly Media.
</p><p>
WARNING: This project has not been actively maintained and does not work
with the latest MarkLogic Server releases.  It should now be considered
sample code only.
</p></ml:description>
<ml:short-description>Perl module that enables XDBC connectivity from Perl scripts.</ml:short-description>
<ml:versions get-involved-href="http://github.com/marklogic/perlxdbc" repo="github"><ml:version href="/download/binaries/code/perlxdbc/releases/Net-MarkLogic-XDBC-0.04.tar.gz" date="2009-01-01:T12:00" server-version="4.1"/><ml:version href="/download/binaries/code/perlxdbc/releases/Net-MarkLogic-XDBC-0.05.tar.gz" date="2009-01-01:T12:00" server-version="4.1"/><ml:version href="/download/binaries/code/perlxdbc/releases/Net-MarkLogic-XDBC-0.11.tar.gz" date="2009-01-01:T12:00" server-version="4.1"/></ml:versions></ml:Project>