<?xml version="1.0" encoding="UTF-8"?><ml:Project xmlns:ml="http://developer.marklogic.com/site/internal"><ml:name>phpxdbc: XDBC Connectivity for PHP</ml:name><ml:description><p>
This project is PHP code that enables XDBC connectivity
from PHP pages.  This code requires a PHP installation that
inludes curl.  Simple examples are included.
</p><p>
This project was contributed by Raffaele Sena.
</p></ml:description>
<ml:short-description>PHP code that enables XDBC connectivity from PHP pages.</ml:short-description>
<ml:versions get-involved-href="http://github.com/marklogic/phpxdbc" repo="github"><ml:version href="/download/binaries/code/phpxdbc/releases/phpxdbc-1.4.1.zip" date="2009-01-01:T12:00" server-version="4.1"/></ml:versions></ml:Project>