<?xml version="1.0" encoding="UTF-8"?><ml:Project xmlns:ml="http://developer.marklogic.com/site/internal"><ml:name>SOAP Router</ml:name><ml:description><p>This project is a SOAP Router written in XQuery.
The goal of the SOAP router is to provide a simple framework for
accessing user defined XQuery functions via SOAP requests.
See the SOAP.pdf document for details.
</p><p>
This project was contributed by Darin McBeath of Elsevier.
</p></ml:description>
<ml:short-description>Framework for accessing user defined XQuery functions via SOAP requests</ml:short-description>
<ml:versions get-involved-href="http://github.com/marklogic/soaprouter" repo="github"><ml:version href="/download/binaries/code/soaprouter/releases/README.txt" date="2009-01-01:T12:00" server-version="4.1"/><ml:version href="/download/binaries/code/soaprouter/releases/soaprouter-1.0.zip" date="2009-01-01:T12:00" server-version="4.1"/></ml:versions></ml:Project>