<?xml version="1.0" encoding="UTF-8"?><ml:Project status="Draft" xmlns:ml="http://developer.marklogic.com/site/internal"><ml:name>AutoLoader</ml:name>
<ml:contributors>
  <ml:contributor>One Guy</ml:contributor>
  <ml:contributor>Another Guy</ml:contributor>
</ml:contributors>
<ml:description><p>AutoLoader is a Java-based tool that monitors a directory for new files. These files are then automatically loaded into Mark Logic server via RecordLoader.
	For more information about the capabilities of RecordLoader, try the
  <a href="http://developer.marklogic.com/howto/tutorials/2006-06-recordloader.xqy">tutorial</a>.
  Specifically, AutoLoader features include:</p><ul>
<li>Monitor a directory for new files to be automatically loaded</li>
<li>Leverages the full power of RecordLoader for the actual loading of the files</li>
<li>Runs from the command line without a UI for ease of use on production servers</li>
</ul><p>The current release packages a very slightly modified version of RecordLoader. As RecordLoader is updated AutoLoader will also be updated to stay in sync with the latest changes.</p></ml:description>
<ml:versions get-involved-href="http://github.com/marklogic/AutoLoader" repo="github"/></ml:Project>