<?xml version="1.0" encoding="UTF-8"?><ml:Project xmlns:ml="http://developer.marklogic.com/site/internal"><ml:name>User Login/Logout/Register XQuery Library</ml:name><ml:description><p>Example XQuery code that demonstrates how to handle user
login and logout as well as self-registration.
This code can serve as the basis for applications that require
user authentication.
</p></ml:description>
<ml:short-description>XQuery module that demonstrates how to handle user login, logout, and self-registration.</ml:short-description>
<ml:versions get-involved-href="http://github.com/marklogic/userlogin" repo="github"><ml:version href="/download/binaries/code/userlogin/releases/userlogin-1.0.zip" date="2009-01-01:T12:00" server-version="4.1"/></ml:versions></ml:Project>