<?xml version="1.0" encoding="UTF-8"?><ml:Project xmlns:ml="http://developer.marklogic.com/site/internal"><ml:name>Versi Design Template</ml:name><ml:description><p>The Versi template is an HTML design template whose goal is to increase the productivity of
      developers when building or rapid prototyping applications. Because designing and wiring up a
      user interface is one of the most time consuming parts of the development cycle, Versi
      includes pre-wired XQuery example pages, UI modules, and widgets that can be customized to
      suit your application.</p><p>Versi also includes a host of features to begin wiring up AJAX applications without the
      tedious setup process. To setup Versi, see the included <a href="http://marklogic.github.com/versi/docs/Getting Started Guide.doc">Getting Started Guide</a>.</p><p>Features include:</p><ul>
      <li>Modular design</li>
      <li>Sciptaculous Javascript framework</li>
      <li>Global Javascript library</li>
      <li>Design widgets</li>
      <li>Prewired XQuery pages with supporting modules</li>
    </ul><p>The latest release requires MarkLogic Server 3.1 or later.</p></ml:description>
<ml:short-description>HTML design template</ml:short-description>
<ml:versions get-involved-href="http://github.com/marklogic/versi" repo="github"><ml:version href="/download/binaries/code/versi/releases/versi-1.0.1.zip" date="2009-01-01:T12:00" server-version="4.1"/></ml:versions></ml:Project>