<?xml version="1.0" encoding="UTF-8"?><ml:Project xmlns:ml="http://developer.marklogic.com/site/internal"><ml:name>jEdit WebDAV Plugin</ml:name><ml:description><p>
This jEdit plugin enables you to load documents from a WebDAV server
into a jEdit buffer and to save the content of a buffer to WebDAV.
With this plugin you can directly edit documents in the database.
</p><p>
To use this plugin 
you must configure a WebDAV listener in the adminstration console.
Additionally, directories must be present in the database -- either
manually or automatically created, see the documentation -- because
WebDAV clients can only see directories and documents that are in
directories.
</p></ml:description>
<ml:short-description>
This jEdit plugin enables you to load documents from a WebDAV server
into a jEdit buffer and to save the content of a buffer to WebDAV.
With this plugin you can directly edit documents in the database.
</ml:short-description>
<ml:versions get-involved-href="http://github.com/marklogic/webdavjedit" repo="github"><ml:version href="/download/binaries/code/webdavjedit/releases/DAV.jar" date="2009-01-01:T12:00" server-version="4.1"/><ml:version href="/download/binaries/code/webdavjedit/releases/README.txt" date="2009-01-01:T12:00" server-version="4.1"/></ml:versions></ml:Project>