<?xml version="1.0" encoding="UTF-8"?><ml:Project xmlns:ml="http://developer.marklogic.com/site/internal"><ml:name>Mark Logic XFaqtor</ml:name><ml:description><p>
An automated Frequently Asked Questions (FAQ) management tool
written in XQuery for use with the MarkLogic Server.  It has
support for keyword-based search, user-submitted questions and answers, state
management of questions and answers (submitted, live, dead), and a separate
admin console for managing states.  Consisting of about 1,000 lines of XQuery
code, it's a useful sample application for learning how to program in XQuery
-- while at the same time being robust enough to drive the FAQ at
<a href="http://xqzone.marklogic.com/xfaqtor/">http://xqzone.marklogic.com/xfaqtor/</a>.
</p></ml:description>
<ml:short-description>
An automated Frequently Asked Questions (FAQ) management tool
</ml:short-description>
<ml:versions get-involved-href="http://github.com/marklogic/xfaqtor" repo="github"><ml:version href="/download/binaries/code/xfaqtor/releases/mark-logic-xfaqtor-1.0.0.zip" date="2009-01-01:T12:00" server-version="4.1"/><ml:version href="/download/binaries/code/xfaqtor/releases/mark-logic-xfaqtor-1.1.zip" date="2009-01-01:T12:00" server-version="4.1"/></ml:versions></ml:Project>