<?xml version="1.0" encoding="UTF-8"?><ml:Project xmlns:ml="http://developer.marklogic.com/site/internal"><ml:name>xqlog: XQuery Blogger</ml:name><ml:description><p>
This project is derived from the xfaqtor project and
implements a simple blog (web log) system written entirely
in XQuery.
</p><p>
This project was contributed by Raffaele Sena.
</p></ml:description>
<ml:short-description>Simple blog system</ml:short-description>
<ml:versions get-involved-href="http://github.com/marklogic/xqlog" repo="github"><ml:version href="/download/binaries/code/xqlog/releases/xqlog-1.0.zip" date="2009-01-01:T12:00" server-version="4.1"/><ml:version href="/download/binaries/code/xqlog/releases/xqlog-1.1.zip" date="2009-01-01:T12:00" server-version="4.1"/></ml:versions></ml:Project>