<?xml version="1.0" encoding="UTF-8"?><ml:Project xmlns:ml="http://developer.marklogic.com/site/internal" xmlns="http://www.w3.org/1999/xhtml">
  <ml:name>XQMVC</ml:name>
  <ml:description>
<p>
XQMVC is a web application framework which uses the MVC design pattern
for those who wish to build websites entirely driven by xquery (rather
than a Java or .NET website powered by XCC).  Think (minimal versions
of) Django (python), Rails (ruby), or CakePHP (php) for similar ideas in
other languages.
</p>
<dd>Maintainer: Eric Palmitesta<br/>
Project URL: <a href="http://code.google.com/p/xqmvc/">http://code.google.com/p/xqmvc/</a><br/>
Documentation URL: <a href="http://code.google.com/p/xqmvc/w/list">http://code.google.com/p/xqmvc/w/list</a><br/>
Slideshow from MLUC09: <a href="http://xqmvc.googlecode.com/files/Palmitesta-An-MVC-Driven-Web%20Application-Framework-Why-and-How.pdf">PDF Slideshow</a>
</dd>
  <ml:description>
<ml:short-description>MVC design pattern framework</ml:short-description>

  <ml:versions get-involved-href="http://code.google.com/p/xqmvc" repo="svn">
  
</ml:versions></ml:description></ml:description></ml:Project>