<?xml version="1.0" encoding="UTF-8"?><ml:Project xmlns:ml="http://developer.marklogic.com/site/internal"><ml:name>Mark Logic XQRunner Java XQuery Executor</ml:name><ml:description><p>
This project defines an execution framework for invoking XQuery
from Java code.  The API is defined by interfaces that decouple
your Java code from the specific connector.  As of version 0.8.0,
any application written to the XQRunner API can switch to using the
latest XCC without changing a line of code.  In the future,
other connectors such as XQJ may be usable as well.
</p><p>
New in 0.8.0: Runs with XCC as the connector (default).
Will automatically use either XDBC or XCC if only one is
in the classpath.  If both are present, it picks XCC.
</p><p>
Both synchronous and asynchronous execution are supported.
New in 0.7.0: External variables, streaming mode, document
insert.
</p></ml:description>
<ml:short-description>Framework that enables XQuery execution in Java code.</ml:short-description>
<ml:versions get-involved-href="http://github.com/marklogic/xqrunner" repo="github"><ml:version href="/download/binaries/code/xqrunner/releases/README.txt" date="2009-01-01:T12:00" server-version="4.1"/><ml:version href="/download/binaries/code/xqrunner/releases/xqrunner-0.8.1.zip" date="2009-01-01:T12:00" server-version="4.1"/><ml:version href="/download/binaries/code/xqrunner/releases/xqrunner-src-0.8.1.zip" date="2009-01-01:T12:00" server-version="4.1"/></ml:versions></ml:Project>