<?xml version="1.0" encoding="UTF-8"?><ml:Project xmlns:ml="http://developer.marklogic.com/site/internal"><ml:name>XQSync</ml:name><ml:description><p>XQSync is a command-line, Java-based tool, useful for 
  synchronizing MarkLogic contentbases to and from 
  other contentbases, filesystems, and zip-files.
  To get started using XQSync, try the 
  <a href="/learn/xqsync">tutorial</a>.
</p><p>The current release requires Mark Logic Server 3.2 or later.</p></ml:description>

<ml:versions get-involved-href="http://github.com/marklogic/xqsync" repo="github">
<ml:version href="/download/binaries/code/xqsync/releases/xqsync.jar" date="2009-01-01:T12:00" server-version="3.2"/>
<ml:version href="/download/binaries/code/xqsync/releases/xqsync-xdbc-2006-06-13.jar" date="2009-01-01:T12:00" server-version="3.2"/></ml:versions>
</ml:Project>